"","x"
"103.92018_956.7",80
"104.92847_956.7",120
"106.92789_946.4",83
"107.05018_102.6",2900
"108.05367_102.6",2894
"108.89956_947.6",63
"110.89595_947.6",49
"114.9899_947",147
"116.92841_948.8",113
"117.9273_947.6",65
"117.92706_925.2",77
"119.91544_956.7",42
"119.91545_958.5",84
"122.90657_27.2",175
"123.90204_954.9",72
"124.89433_948.2",2868
"124.89435_947.6",27
"129.0559_87.1",2891
"129.93614_953",33
"129.97567_24.2",145
"130.05928_87.1",2902
"130.06601_218.9",2901
"130.96613_20.6",133
"131.07152_143",2899
"132.86776_950",61
"132.92353_915.5",40
"132.92348_848.2",91
"134.8942_950",45
"135.90225_955.5",131
"136.89279_949.4",30
"137.02483_237.7",2898
"137.87264_950.6",86
"138.02761_237.7",2900
"138.86982_950.6",49
"139.00721_948.2",47
"139.00701_598.4",74
"139.02945_237.7",153
"140.86846_950.6",103
"144.92363_950.6",31
"145.08697_263.7",2891
"146.92363_945.8",36
"147.92658_945.2",45
"148.91874_945.8",31
"148.93814_945.8",64
"150.05611_126.7",2896
"150.88953_951.2",310
"150.91644_946.4",119
"151.04016_185.5",152
"151.04023_226.7",154
"153.01908_88.7",2890
"154.94756_24.2",2903
"154.97408_945.8",71
"154.97383_21.8",151
"157.01186_24.2",2902
"157.08681_289.8",2902
"157.86307_950.6",113
"158.08253_62.6",2903
"158.0903_289.8",2896
"159.06657_91.5",2898
"159.10241_309.8",2896
"159.97659_913.6",79
"160.8419_34",2902
"160.95638_232.8",2888
"161.94765_950",807
"162.95328_232.8",63
"162.98307_955.5",41
"163.11243_572.9",2905
"164.86362_947",47
"165.04082_614.8",121
"165.05559_167.3",2893
"165.85121_946.4",52
"166.85897_947",1830
"166.9243_949.4",95
"167.03485_198.9",2902
"168.83642_950",54
"169.06593_333.4",2895
"170.833_950.6",41
"170.92079_945.2",70
"171.0665_214",136
"171.10281_251.6",2884
"171.83334_950",56
"172.83065_950.6",290
"172.95783_24.2",166
"173.03031_946.4",110
"173.08148_199.5",2720
"174.05564_218.9",2900
"174.86407_949.4",50
"174.95597_951.2",35
"174.95596_21.2",148
"174.95584_1139.2",37
"176.82608_950",58
"176.9079_951.2",62
"177.0918_348.6",162
"177.12805_273.4",2906
"178.97776_956.7",80
"178.97745_679",155
"179.10739_332.8",2886
"180.86122_950.3",162
"180.97345_20.6",2869
"180.97324_20",35
"180.97316_940.3",2068
"182.85996_950.6",2373
"183.13915_360.1",2894
"183.85616_949.4",34
"185.1183_351.6",2900
"186.11337_176.4",2900
"187.00716_102.8",2901
"187.09778_250.4",2900
"187.0977_251",2898
"187.1167_175.8",2880
"188.01041_102.6",2899
"188.10112_249.8",124
"189.005_102.6",2901
"189.12824_332.2",73
"189.85124_948.2",58
"189.93181_949.4",81
"190.00777_102.6",2898
"190.85785_947.6",78
"190.92848_970",85
"191.10763_283.7",2899
"191.8477_948.8",66
"191.94601_948.8",97
"192.85345_947.6",139
"192.92897_945.2",24
"192.95876_237.1",2830
"192.99022_26.5",56
"193.03049_955.5",59
"193.0501_241.9",105
"193.0882_345",100
"193.09969_312.8",2894
"193.93162_945.8",38
"194.04551_270.4",2899
"194.04569_126.7",2901
"194.08246_394.7",182
"195.04914_126.7",162
"195.08572_394.1",170
"195.10244_335.3",2900
"195.8111_102.8",1327
"196.08761_394.7",57
"196.08764_394.1",25
"196.10618_334.7",2903
"196.9219_945.5",43
"197.00707_30.1",2900
"197.80802_102.6",2901
"197.96327_23.6",144
"199.00693_181.3",2903
"199.09772_265.5",2901
"200.0103_181.9",2898
"200.12939_297.1",2894
"201.02256_215.2",2897
"201.11317_281.9",2903
"201.11326_282.5",2901
"202.85833_883.9",114
"202.91062_946.4",42
"203.12852_262.5",2893
"203.84616_951.8",57
"204.06638_186.7",2901
"204.9464_330.4",2901
"204.97021_21.8",2897
"204.98032_955.5",44
"205.01118_238.3",2901
"205.06956_186.7",2897
"206.82484_951.2",97
"206.87377_946.4",43
"206.94363_331",2896
"206.97314_955.5",166
"207.01225_173.4",157
"207.10256_332.8",2901
"207.931_960.3",429
"207.97614_956.1",48
"208.0152_172.8",160
"208.09804_377.7",94
"208.10594_333.4",2899
"208.8232_951.2",49
"209.10127_378.3",2743
"209.91908_946.4",139
"210.07721_378.9",43
"211.09743_229.8",2895
"213.02285_245.5",2898
"213.11342_288",2897
"213.14954_388.6",2899
"214.02574_245.5",2901
"215.00179_139.4",2894
"215.12863_309.8",2894
"215.16518_413.5",2892
"215.84671_948.8",45
"215.86761_951.2",107
"216.85375_951.8",65
"216.90602_946.4",66
"217.01743_187.9",2900
"217.0537_160.7",2897
"217.07198_90.1",2901
"217.86436_951.2",52
"219.94665_237.7",2888
"220.04031_954.3",57
"220.94113_286.8",2896
"221.02479_954",184
"221.02459_679",50
"221.06697_34.8",2902
"221.08188_315.9",2771
"221.11846_335.9",131
"221.98358_957.3",64
"222.00196_237.7",2897
"222.02811_954.3",107
"222.11361_310.4",2900
"222.12194_336.5",45
"222.93828_286.2",2899
"223.00657_229.2",173
"223.02821_349.2",2902
"223.02823_545",63
"223.02817_667.5",2667
"223.1339_391",2899
"223.80364_949.4",70
"224.06238_242.5",2898
"224.09273_384.4",2884
"224.56381_242.5",2896
"224.8041_946.4",2882
"224.99876_238.3",2903
"225.56303_241.9",2897
"226.0181_160.1",2902
"226.80217_947.6",66
"226.82978_947",123
"226.92019_237.7",2901
"226.96622_21.2",2904
"227.00141_204.3",2736
"227.0382_268.6",2902
"227.1286_317.7",2904
"227.2015_541.4",2901
"227.98259_26.4",2901
"228.16024_293.4",2899
"228.90574_950.6",69
"228.91746_237.7",2904
"229.01729_181.3",153
"229.01713_218.9",150
"229.05381_278.9",2903
"229.79333_950",25
"229.92034_950.6",137
"230.99675_98.4",2897
"231.03336_252.2",158
"231.93146_951.2",129
"232.89807_952.4",579
"232.92472_23.6",170
"232.99462_169.8",2894
"233.15478_425",2888
"233.93095_956.7",88
"234.15044_466",2881
"234.15812_424.4",2869
"234.98368_281.3",2895
"235.08509_945.8",25
"235.82823_950",60
"236.10515_381.9",2895
"236.92878_957.3",58
"236.94923_237.7",2906
"237.02281_263.7",2899
"237.08041_945.8",65
"237.82564_950",120
"237.92991_957.3",30
"238.00021_26.1",2868
"238.07231_341.9",2900
"238.0833_946.4",109
"238.81558_947",47
"238.9969_26.1",173
"239.05983_349.2",2690
"239.06739_433.5",75
"239.09266_335.3",2901
"239.12876_365.6",2894
"239.15863_383.2",90
"239.16491_419.5",2892
"240.09565_335.3",2897
"240.90997_975.5",170
"240.91352_232.8",2896
"240.95203_954.3",72
"240.97827_255.2",2897
"241.02985_102.6",2901
"241.08669_343.8",2900
"241.14458_337.7",2901
"241.18094_446.1",2893
"241.91314_950",60
"241.91678_232.2",2889
"241.94645_953.7",122
"242.14816_337.7",2883
"242.9103_232.8",2897
"242.9437_949.4",2779
"242.94347_21.8",147
"243.03302_228.6",2899
"243.13511_157",2904
"243.16036_360.1",2898
"243.1715_111.7",2899
"243.17933_315.9",2906
"243.19617_466.1",2911
"243.95317_947.6",100
"244.04096_240.1",2895
"244.88875_39.1",583
"244.9081_291",2901
"245.04892_240.1",2900
"245.85651_953.7",42
"246.03811_74.6",2901
"246.05223_240.1",2900
"246.90528_291",2897
"246.96571_955.5",61
"247.16999_426.2",164
"247.90714_951.8",28
"247.90793_291",2841
"247.98264_956.1",71
"248.08023_957.3",142
"248.90272_291",2894
"249.11323_330.4",156
"249.1862_411.1",2894
"249.97846_955.5",133
"250.0933_26.9",2900
"250.11653_330.4",177
"250.98084_955.5",118
"251.03835_284.9",2898
"251.09554_305.6",2886
"251.1282_333.4",2880
"251.14816_463.2",2899
"251.2375_598.4",2899
"251.82265_950.6",127
"252.0875_377.7",173
"252.09907_305.6",2898
"252.13165_334.1",97
"252.91594_957.9",155
"252.99362_237.7",2899
"252.99681_38.2",149
"253.08285_417.7",2902
"253.09129_377.7",139
"253.1079_298.3",2898
"253.21727_555.3",2901
"253.95498_955.5",66
"253.99672_238.3",2897
"254.08641_417.7",2899
"254.22045_555.3",2899
"254.99415_102.6",2896
"255.08715_230.4",2901
"255.10276_368.6",2896
"255.11445_251",2904
"255.12473_317.7",2898
"255.13925_423.2",66
"255.16002_364.4",160
"255.23295_588.1",2898
"255.63112_346.8",2891
"256.09069_229.8",2899
"256.09743_418.9",74
"256.19174_431",2878
"256.23594_588.1",2897
"256.95492_954.3",34
"257.0793_283.7",2901
"257.21168_508.2",1969
"257.23886_588.1",2900
"257.78822_949.4",72
"257.85682_950",64
"257.91972_948.2",89
"258.91568_21.2",139
"259.01376_87.1",2901
"259.02752_251.6",163
"260.77203_950",109
"260.91576_945.8",92
"261.0222_278.3",2898
"261.12391_85.5",2899
"261.85106_953.7",78
"261.8892_237.7",2899
"261.91812_945.8",275
"262.76904_950",106
"262.78388_26.4",2884
"262.83919_463.6",2900
"262.85823_956.7",24
"262.97565_309.8",41
"263.03518_87.5",2878
"263.12907_300.7",2899
"263.77206_949.4",55
"263.88665_237.7",2896
"264.02987_954.3",2523
"264.76689_950",94
"264.83658_463.6",2899
"264.89063_295.2",2876
"264.9992_282.5",61
"265.0845_235.2",2902
"265.14775_415.3",2896
"266.10342_408",126
"266.15087_415.3",2901
"266.7651_950",1623
"266.83347_463.6",2899
"266.96724_956.7",48
"267.10717_408",31
"267.12392_391",2901
"267.14677_415.3",2892
"267.15744_491.9",2880
"267.23266_577.8",2895
"267.99686_28.1",2899
"268.12699_391",2899
"268.96482_948.8",57
"269.02554_33.8",2889
"269.07843_334.7",2899
"269.2121_588.1",2895
"269.24789_608.1",2883
"270.11344_437.1",42
"271.22763_532.3",2896
"271.22749_436.5",2900
"271.80368_949.4",36
"271.91847_237.7",2899
"271.98411_104.4",2893
"272.23103_532.3",2898
"272.95729_947.6",54
"272.99891_237.7",2893
"273.11082_418.3",2895
"273.9581_947.6",84
"274.85915_954.6",58
"274.98559_87.5",2739
"275.16809_434.7",2897
"275.90562_950",45
"276.16017_480.9",2906
"276.88136_948.2",79
"276.96004_950",45
"277.06881_229.2",165
"277.14421_430.4",75
"277.21715_548.1",2897
"277.90486_950.6",133
"278.14777_430.4",72
"278.22034_548.1",2900
"278.9022_969.4",32
"279.2329_571.7",2899
"280.16646_437.7",2899
"280.23602_571.7",2896
"280.89929_948.8",28
"280.94773_37.9",140
"280.9828_296.5",90
"281.00977_236.4",2789
"281.10361_283.7",2897
"281.16225_438.3",2898
"281.23953_571.7",2897
"281.24865_599",2899
"281.9466_237.7",2902
"281.95119_956.7",82
"282.01105_236.4",2771
"282.25189_599",2895
"282.99121_189.8",2898
"283.02817_184.3",2898
"283.07015_528.1",2896
"283.08247_149.1",2892
"283.11843_269.8",2894
"283.17047_507.6",2898
"283.19144_407.4",2901
"283.259_598.4",2889
"283.26388_629.9",2899
"283.26379_630.5",2898
"283.78165_949.4",27
"283.85544_950.6",27
"284.22288_480.4",2895
"284.26726_629.9",2894
"284.84156_953",2853
"285.06798_528.1",2892
"285.16384_383.2",86
"285.20701_428.6",2900
"285.24347_555.3",2890
"285.85281_950.6",56
"286.11552_266.1",2844
"286.11972_379.5",2619
"286.21011_428.6",2852
"286.21432_588.1",2894
"286.84157_947.6",346
"288.83762_947.6",162
"288.90424_950",1596
"288.93396_949.4",403
"289.00954_951.8",171
"289.10535_391.6",2900
"289.10553_336.5",143
"289.8978_87.5",2890
"289.95451_951.2",43
"290.10945_391.6",2899
"290.85387_953.7",27
"291.06643_335.9",2897
"291.15976_388",2775
"291.23268_500.3",2883
"291.89457_87.1",2901
"292.89102_23.6",165
"293.17546_381.9",2893
"293.17892_461.4",2900
"294.11287_226.1",2900
"294.17925_381.9",2904
"294.18168_461.4",2899
"294.61436_226.1",2893
"294.95048_945.8",231
"295.02821_223.7",2898
"295.1783_461.2",2903
"295.18226_381.9",302
"295.18875_542",2900
"295.19091_406.8",2901
"295.22756_599",2904
"295.95162_945.8",241
"296.03146_223.7",2900
"296.23068_598.4",2898
"297.03799_237.7",2897
"297.07442_333.4",2900
"297.14701_293.4",2887
"297.15268_423.2",2873
"297.24302_531.1",2891
"297.24292_458.8",2897
"298.04115_237.7",2894
"298.15601_423.2",2899
"299.01404_237.7",2899
"299.02588_292.8",107
"299.15285_422.6",432
"299.25876_577.8",2882
"299.92628_87.5",2905
"300.12405_401.3",47
"300.26226_577.8",2891
"300.86305_945.8",162
"300.86375_946.4",2877
"301.2171_548.7",2898
"301.238_588.1",2891
"301.9551_948.8",2039
"302.22015_548.7",2900
"302.95634_948.2",38
"302.97614_238.3",2894
"302.98521_278.3",46
"303.19939_480.2",2899
"303.2327_572.9",2901
"304.15284_345",2891
"304.23601_572.9",2899
"304.86832_952.4",83
"304.91213_950.6",66
"304.91344_18.2",44
"305.21475_474.7",136
"305.24829_589.3",2895
"305.8606_966.7",96
"306.13454_554.1",39
"306.25166_589.3",2892
"306.75011_950",125
"306.85938_951.8",166
"306.9073_947.6",38
"307.15835_408",2903
"307.19474_483.2",2901
"307.26377_612.3",2900
"307.856_967.6",64
"307.90798_947.6",29
"307.93608_952.4",50
"308.07501_394.7",44
"308.16109_408",2687
"308.19771_483.2",2902
"308.26764_612.3",2898
"308.84013_302.5",2889
"308.90366_947.6",44
"309.07458_343.8",2898
"309.14526_501.8",2897
"309.17402_431",2904
"309.19446_483.5",2899
"309.2793_637.2",2898
"309.85668_951.8",51
"309.90335_946.4",91
"310.17732_431",2895
"310.8386_301.9",2897
"310.90099_948.2",74
"310.93052_21.8",153
"311.14016_192.8",2896
"311.16884_446.7",60
"311.20122_495.9",166
"311.22217_450.9",156
"311.22239_410.4",2900
"312.16238_497.3",42
"312.1718_446.7",59
"312.20446_495.9",162
"312.22582_451",154
"312.22596_410.4",2894
"312.23011_599",2843
"312.88012_102.8",2887
"313.07761_667.5",2864
"313.07789_689.3",2876
"313.07808_415.3",2859
"313.07768_582.6",47
"313.16855_446.7",53
"313.20796_496.5",2892
"313.23787_472.6",160
"313.23751_599",2897
"314.16956_446.8",38
"314.24091_599",2887
"314.24542_629.9",2895
"314.80769_948.8",53
"315.18073_341.3",2875
"315.25371_443.1",2904
"315.25367_402.6",486
"316.25734_402.6",876
"316.25735_443.1",2164
"316.7382_945.8",135
"316.94761_21.8",2896
"316.96482_102.6",2894
"317.08189_303.1",28
"317.10028_330.4",2649
"319.0613_254.6",2890
"319.89004_950",84
"320.95017_950.6",50
"321.14668_368",2901
"321.17_343.8",2891
"321.20473_555.3",2902
"321.21154_505.6",2901
"321.2429_525.1",2902
"321.81371_949.4",37
"322.16663_429.8",2902
"322.21416_504",2879
"322.88666_948.8",55
"323.16235_389.8",2898
"323.21997_588.1",2900
"323.21994_680.2",2902
"323.85923_29.5",726
"323.90012_956.7",171
"324.19316_454",2895
"324.22344_588.1",2894
"324.83708_948.2",69
"324.8824_948.8",42
"325.18425_468.4",167
"325.20119_349.8",2891
"325.23715_571.7",155
"325.7241_949.4",56
"325.9052_947.6",85
"326.18737_468.4",179
"326.83023_973.7",40
"326.9032_21.2",140
"327.03046_237",2897
"327.03341_349.2",2877
"327.06582_335.3",2867
"327.09857_332.2",2896
"327.16022_365",43
"327.18449_468.4",177
"327.23248_571.1",2901
"327.25368_597.8",2897
"327.65227_288.6",2899
"327.72053_949.4",68
"327.9676_237.7",2897
"328.03251_236.4",2894
"328.18524_468.4",161
"328.23065_399.5",2896
"328.23621_571.1",2901
"328.2567_597.8",2900
"328.90307_944.6",141
"329.17559_269.2",2895
"329.2333_353.5",2898
"329.24814_594.1",2899
"329.24819_582.6",2894
"329.26948_629.9",2901
"329.84434_950",33
"329.906_944.9",1806
"330.23643_353.5",2896
"330.8315_947",32
"330.89893_944.6",40
"330.97954_321.3",66
"331.0223_87.3",134
"331.17598_337.1",2901
"331.26342_605.7",2897
"331.98266_320.7",28
"332.01709_953",47
"332.26703_605.7",2898
"332.89818_944.6",1416
"332.93736_102.8",2896
"333.13495_415.3",2901
"333.20697_315.9",2896
"333.93718_22.4",151
"334.02351_186.7",2893
"334.13828_415.3",2898
"334.79136_23.3",2902
"334.82408_947.6",34
"335.08109_417.7",2903
"335.11092_391.6",2899
"335.75224_949.4",51
"336.82282_948.8",42
"336.8586_970.6",154
"337.16674_341.9",2897
"337.20473_476.5",2901
"337.86218_947.6",174
"337.95195_955.5",33
"338.19399_555.3",2895
"338.2082_476.2",2898
"338.78756_949.4",98
"338.85934_969.4",23
"338.89265_74.6",2899
"339.10263_417.7",2895
"339.19937_489.7",2905
"339.23255_573.5",2896
"339.2526_489.5",2901
"339.85878_946.4",105
"340.20302_489.7",2901
"340.20985_588.7",2893
"340.23642_573.5",2900
"340.78537_949.4",92
"340.7853_950",2900
"340.93968_947",53
"341.0123_87.1",2903
"341.22261_629.9",2904
"341.23906_573.5",2900
"341.26958_514.2",2896
"341.78811_950",130
"341.86162_946.4",75
"342.24202_573.5",2895
"342.82502_957.9",1170
"342.94149_946.4",154
"342.94195_947",2900
"342.97923_346.2",86
"343.24843_428",107
"343.85645_947",48
"343.89719_949.4",69
"344.2798_525.7",2896
"344.85234_947",55
"344.97935_295.3",27
"345.03167_406.2",2769
"345.10947_456.5",2845
"345.10877_455.8",46
"345.13148_430.4",75
"345.15551_258.9",2895
"345.20395_547.5",2894
"345.27572_356.5",2897
"345.85476_947.6",66
"346.15908_258.3",2900
"346.85281_947",51
"347.09249_87.3",2894
"347.15154_438.3",2903
"347.22001_571.7",2897
"347.24261_323.1",2906
"347.25846_545.6",2898
"348.22347_571.7",2899
"348.93883_321.3",27
"348.99872_962.1",159
"349.14813_397.1",2898
"349.23538_599.6",2901
"349.25076_556.5",2904
"349.87339_947.6",54
"349.90163_951.8",64
"350.1251_415.3",2900
"350.15075_197.6",2901
"350.20976_409.2",2897
"350.23894_599",2896
"350.85793_957.6",60
"350.89629_416.5",56
"351.0526_417.1",2811
"351.06641_283.1",2895
"351.15352_197.6",2896
"351.22074_497.9",2896
"351.25104_629.9",2900
"351.25105_680.2",2899
"351.86665_946.4",127
"352.08587_255.2",2901
"352.11222_246.1",2895
"352.22394_498.3",2898
"352.25467_629.9",2897
"352.70704_949.4",222
"352.8534_957.9",130
"352.89742_30.8",174
"353.17885_423.8",2891
"353.21242_502.1",2874
"353.85575_957.9",47
"353.92608_950",47
"354.70397_949.4",1066
"354.85659_957.3",75
"354.93323_32.7",2901
"355.06141_335.3",2878
"355.09754_273.4",2891
"355.15767_588.1",2901
"355.22715_522",2904
"355.28465_635.4",2900
"355.92317_950",59
"356.0293_349.2",2886
"356.28787_636",2899
"356.87516_957.3",79
"356.91564_947.6",54
"357.09309_391",2894
"357.18964_535.3",109
"357.84951_948.2",141
"357.91599_947.6",49
"358.91458_947.9",31
"359.07999_267.4",2901
"359.21005_283.1",2892
"359.29461_638.4",2899
"361.18073_542",2905
"361.96033_951.2",38
"362.23687_474.4",2900
"362.875_950.6",844
"362.93728_939.7",60
"363.17698_541.4",2890
"363.25335_494.9",2893
"363.95502_951.2",83
"364.2103_571.7",2899
"364.95624_951.2",52
"365.13999_423.2",16
"365.14254_274",2898
"365.2361_520.2",2893
"365.26917_509.4",2902
"366.23899_519.6",2887
"366.27266_510",2893
"367.09726_417.7",2900
"367.1582_292.2",2900
"367.21536_459.4",2897
"368.21923_459.4",2903
"368.24113_629.9",2894
"368.89775_365.6",2898
"368.97634_367.4",2898
"369.15957_292.2",2900
"369.17398_310.4",2898
"369.17367_280.1",2898
"369.17366_337.7",2901
"369.23843_284.3",2898
"369.3365_587.5",2899
"369.97981_366.8",2894
"370.00169_956.1",54
"370.16044_292.2",2900
"370.17699_311",2898
"370.89397_365.6",2854
"371.22021_572.9",2902
"371.8982_948.8",64
"372.22408_572.9",2894
"372.24625_458.3",29
"372.89948_948.8",78
"373.1318_541.4",2885
"373.23627_588.7",2867
"373.84844_947",2875
"373.95325_349.8",23
"373.9532_349.2",2853
"374.24444_345",2903
"374.89384_947",168
"375.04269_460.1",2868
"375.14443_271",2895
"375.19265_361.9",2900
"375.24766_345",2900
"375.25091_611.7",2896
"375.25324_579",2895
"375.84283_956.7",1879
"375.89485_947",53
"376.19965_366.2",2898
"376.22514_425.6",2898
"376.79159_32",2898
"376.8903_947",2869
"377.1612_431",2897
"377.16039_281.9",2898
"377.26903_507",2891
"377.84341_950.6",57
"377.89012_946.4",27
"378.00702_951.2",1232
"378.16341_281.9",2903
"378.24091_455.8",2897
"378.77825_954.9",26
"378.88756_947",100
"378.91718_948.8",2846
"378.91774_21.8",2882
"379.15569_446.8",166
"379.15758_571.7",2899
"379.2445_455.8",155
"379.78264_955.5",75
"379.83957_950.6",26
"379.93551_952.4",57
"380.01915_283.1",2897
"380.15908_446.8",56
"380.16192_571.7",2904
"380.25593_469",2897
"380.8443_949.4",68
"380.97628_342.5",1186
"381.15503_345",2901
"381.17328_599",2900
"381.23103_482.3",2898
"381.33626_659.6",2898
"381.85811_953.1",171
"381.97932_342.5",37
"382.15862_345",2900
"382.23415_482.3",2897
"383.09565_954.3",27
"383.14202_468",2905
"383.15302_254",2899
"383.17474_555.3",2892
"383.29011_500.9",2892
"383.98157_349.2",2903
"384.05374_956.1",2814
"384.15622_254",2898
"384.93456_939.7",48
"384.93482_21.8",2895
"385.16865_240.7",2902
"385.19035_588.1",2904
"385.23803_346.2",2898
"385.25895_486.5",2894
"385.33171_568.7",2893
"385.93824_21.8",2894
"385.93821_939.7",43
"385.95225_951.8",44
"385.98382_352.8",2897
"386.17179_240.7",2895
"386.86159_944.6",56
"386.99968_292.2",2908
"387.18397_268",2891
"387.19644_555.3",2898
"387.25273_365",2898
"387.28578_381.3",2903
"388.18748_268.6",2897
"388.21019_573.5",2902
"388.25232_487.7",2902
"388.28876_380.7",2896
"389.0907_233.4",2900
"389.11856_555.3",2901
"389.17604_542",2895
"389.19217_555.3",2890
"389.21181_588.1",2898
"390.05811_202.5",2895
"390.17893_542",2892
"390.87232_948.8",70
"391.06091_333.4",2893
"391.17645_301.3",2895
"391.20742_588.1",2897
"391.22482_494.3",2899
"391.26192_555.9",2896
"391.28506_425.6",2897
"391.28475_546.8",2890
"391.88696_955.5",117
"392.17908_301.3",2881
"392.2287_494.3",2890
"392.2881_425.6",2857
"392.86943_948.2",44
"393.15526_240.1",2898
"393.1711_469.6",152
"393.17098_468.6",151
"393.21211_572.3",232
"393.26362_340.1",2894
"393.29114_425.6",2900
"393.29975_544.4",2897
"393.78515_962.7",79
"393.89288_947",125
"394.15837_238.9",2882
"394.17478_468",156
"394.29534_368.6",2899
"394.89027_21.8",136
"394.97515_321.3",30
"395.1627_263.7",2898
"395.18916_326.8",2901
"395.21997_571.1",2894
"395.24293_387.4",2891
"395.24684_504.2",2897
"395.29867_368.6",2898
"395.78004_962.1",62
"395.97843_321.3",36
"396.13793_241.9",2896
"396.1455_446.7",163
"396.19251_326.8",2899
"396.21755_583.8",2899
"396.78336_964",81
"396.8906_944",54
"397.00299_102.6",2900
"397.14991_231.6",2902
"397.16846_295.9",2898
"397.17796_270.4",2892
"397.20486_309.2",2896
"397.22272_414.1",2897
"397.22591_438.9",2901
"397.26976_315.9",2899
"397.33191_633.5",2898
"397.36786_622",2900
"397.83195_950",107
"397.89331_944",65
"398.00602_102.6",2898
"398.15299_232.2",2893
"398.20827_309.2",2897
"398.22943_438.9",2896
"398.88636_944",56
"398.93595_347.4",2899
"399.00114_102.5",2901
"399.14729_555.3",2897
"399.20633_309.2",2901
"399.2205_317.1",2900
"399.25073_605.1",2896
"399.27445_528.1",2901
"399.3262_574.7",2899
"399.34597_587.5",2898
"399.83026_949.4",94
"400.16342_588.1",2891
"400.20659_308.6",2897
"400.24869_484.1",2903
"400.32939_574.7",2896
"401.12252_415.3",2894
"401.16284_588.1",2898
"401.23267_522.6",162
"401.29012_554.7",2895
"401.85798_26.7",2898
"402.21278_303.1",2892
"402.91038_949.4",328
"403.06149_343.1",2901
"403.16336_588.1",2896
"403.66697_251.6",2879
"405.1193_278.9",2895
"405.84988_947",102
"405.93873_954.3",70
"407.18682_489.9",41
"407.20312_532.3",2896
"407.20684_270.4",2901
"407.2192_573.5",2897
"407.27969_369.2",2900
"407.85938_950.6",39
"408.2102_270.4",2902
"408.22243_573.5",2895
"408.28334_369.2",2819
"408.84649_946.4",2897
"408.85822_29.5",2900
"409.14428_381.9",2816
"409.19004_571.7",2898
"409.26177_525.7",2898
"409.28633_369.2",2662
"409.78151_950.6",2906
"410.16077_468.6",149
"410.164_316.5",2899
"410.19375_571.7",2901
"410.22099_344.4",2900
"410.28932_369.2",50
"410.37101_617.2",2899
"410.84294_946.4",2698
"411.03254_33",2899
"411.08659_329.8",27
"411.12912_240.7",2897
"411.18461_269.8",2894
"411.19617_547.4",2896
"411.20188_405",2900
"411.20531_599",2902
"411.29195_368.9",47
"411.38369_638.4",2898
"411.84567_946.4",137
"412.04857_956.1",22
"412.13235_240.1",2889
"412.20905_598.4",2877
"412.2851_542.6",2900
"412.38714_639",2897
"412.83211_960.3",89
"412.96667_367.4",2898
"413.1633_264.3",2885
"413.19998_283.1",2901
"413.21184_571.7",2898
"413.22136_629.9",2900
"413.36259_603.8",2893
"414.20291_283.1",2894
"414.30008_555.3",2895
"414.36623_603.8",2900
"415.19146_555.3",2897
"415.20742_571.7",2900
"415.22497_479.9",2898
"415.22763_599.6",2898
"415.31671_428",2898
"416.21076_572.3",2896
"416.22771_479.2",2893
"416.2307_599",2903
"416.84694_952.4",49
"417.21144_343.1",91
"417.22304_599",2901
"417.24009_505.8",2896
"417.24318_629.9",2897
"417.2854_513.6",2898
"417.30055_551.1",2897
"418.21046_588.1",2859
"418.22609_599.6",2898
"418.84529_955.5",26
"418.88832_948.5",117
"418.97283_388.6",2894
"419.04956_460.7",2883
"419.23867_629.9",2902
"419.25598_537.8",2899
"419.8269_27.7",2887
"420.24212_629.9",2898
"420.2499_345",2897
"420.84022_956.1",46
"421.18699_437.1",2895
"421.25274_345",2903
"421.36784_622",2903
"421.83958_954.9",56
"422.1811_263.7",2895
"422.25607_345",2904
"422.32704_408.6",2896
"423.14727_547.4",2891
"423.34701_592.3",2898
"423.83529_950.6",2750
"423.91066_949.4",60
"424.24658_441.3",2899
"424.35052_592.9",2894
"424.98567_350.4",52
"425.07987_391",2898
"425.11714_291.6",2902
"425.16262_571.7",2898
"425.19964_352.2",2897
"425.25715_483.8",2896
"425.3626_602.6",2900
"425.39918_652.9",2901
"425.83236_950",114
"426.10072_956.1",44
"426.11871_292.2",2884
"426.18041_599.6",2899
"426.20279_352.2",2883
"426.26043_484.1",2890
"426.36625_602.6",2897
"426.40223_652.9",2896
"426.98161_345",29
"427.11363_588.1",2898
"427.1323_311",2902
"427.1632_572.3",2897
"427.16975_496.1",167
"427.17819_599",2901
"427.17915_280.1",2897
"427.21565_334.1",2897
"428.17333_495.9",54
"428.18071_280.1",2896
"428.18134_599",2892
"428.219_297.1",2900
"428.38122_620.8",2887
"429.04681_415.3",2717
"429.1116_588.1",2898
"429.17676_342.5",2899
"429.19429_629.9",2897
"429.30034_434",2901
"429.33717_618.4",2897
"430.11279_588.1",2900
"430.2951_369.8",2901
"430.30345_434",2899
"430.33925_618.4",2905
"430.97186_948.2",49
"431.04554_414.7",55
"431.11198_588.1",2896
"431.16389_541.4",2896
"431.21113_446.2",2445
"431.22675_271",2905
"431.25877_588.1",2898
"431.31502_432.8",2901
"431.31549_386.8",2886
"431.31601_562",2900
"431.92617_938.5",117
"431.94243_950.6",26
"431.97653_361.3",66
"432.11381_588.1",2893
"432.31188_417.7",2898
"433.01461_32.4",2903
"433.11256_588.1",2898
"433.11102_240.1",2900
"433.22301_429.8",2892
"433.33146_591.7",2901
"433.36761_651.1",2894
"433.96446_349.2",2874
"434.33447_592.3",2898
"434.81376_957.9",109
"434.8923_955.5",109
"435.115_588.1",2893
"435.14558_292.2",2898
"435.25122_479.2",2890
"436.14855_292.2",2899
"436.28272_507",2902
"436.81666_953.1",40
"436.864_948.8",2791
"437.05318_268",2893
"437.11447_446.8",148
"437.14749_292.2",2897
"437.16095_311",2901
"437.28609_507",2898
"437.29025_415.9",2896
"437.32643_544.4",2898
"438.06256_496.5",156
"438.16422_311",2899
"438.29379_415.9",2894
"438.29716_504.5",2898
"438.96535_954.3",68
"439.1568_573.5",2882
"439.15766_541.4",2895
"439.16046_220.1",2897
"439.19119_547.4",2899
"439.20735_572.9",2895
"439.27383_505.6",2901
"439.34264_570.5",2899
"439.81477_950.6",92
"439.88527_948.2",75
"440.19418_547.4",2890
"440.27709_505.1",2903
"440.88604_947.6",45
"441.20217_603.8",2901
"441.20228_603.2",2901
"441.20723_572.3",2899
"441.25219_438.9",2897
"441.35762_528.7",2895
"441.39422_606.9",2895
"441.78604_962.7",40
"442.08932_598.4",2889
"442.16607_588.1",2904
"442.2059_603.8",2899
"442.20544_603.2",2896
"442.20987_572.3",2895
"442.25544_439.5",2901
"442.3972_606.9",2886
"442.89323_21.8",2894
"442.97343_386.2",45
"443.10862_175.2",2903
"443.13348_598.4",2887
"443.15558_341.9",2899
"443.20959_271.6",2881
"443.22226_599.6",2899
"443.31571_572.9",2899
"443.34819_473.2",2902
"443.82322_949.4",35
"443.8821_946.4",23
"444.14481_555.3",2895
"444.15867_342.5",2896
"444.2596_369.2",2852
"444.33276_435.3",2900
"444.87791_946.4",98
"444.97179_342.5",111
"445.15276_174",77
"445.23831_629.9",2903
"445.33159_593.5",2901
"445.82387_949.4",87
"445.87793_945.2",89
"445.97528_342.5",36
"446.09449_496.3",159
"446.16006_588.1",2903
"446.29067_340.7",2897
"446.33486_594.1",2898
"446.37571_665.7",2904
"446.76566_952.7",46
"446.90516_21.8",123
"446.90181_948.2",2897
"447.14307_446.8",175
"447.27478_430.4",2899
"447.29339_340.7",2894
"447.29861_529.9",2895
"447.37902_665.1",2895
"447.821_949.4",84
"448.06408_513",2763
"448.2782_429.8",2901
"448.30653_368.6",2899
"448.30627_326.8",2900
"448.93281_369.2",2883
"449.16315_572.9",2903
"449.25376_451",2900
"450.25925_452.2",2900
"450.31243_369.2",2900
"451.11373_571.7",2889
"451.14001_254",2904
"451.20198_291.6",2896
"451.26298_452.8",2896
"451.34202_551.1",2894
"451.84243_948.2",60
"452.13536_292.2",2897
"452.27748_485.9",2898
"452.84229_948.2",71
"452.92196_939.7",147
"452.92224_21.8",2891
"453.12891_599",2896
"453.1385_291.6",2902
"453.1781_588.1",2897
"453.23104_358.3",2894
"453.28108_485.9",2901
"453.28459_369.2",2896
"453.2888_526.9",2898
"453.32095_475",2897
"453.33283_385",2899
"453.35748_565.6",2897
"453.39372_629.9",2898
"453.78575_969.4",43
"453.8503_949.4",61
"453.92524_939.7",38
"454.1123_571.7",2892
"454.15111_311",2897
"454.28369_486.5",2891
"454.28847_369.2",83
"454.84074_948.2",84
"455.11242_571.7",2900
"455.12747_599",2888
"455.14081_468.6",151
"455.2195_599",2876
"455.22799_341.3",2899
"455.24677_371.6",2900
"455.26688_461.2",2897
"455.29185_369.2",116
"455.787_955.5",52
"456.11414_571.1",2897
"456.12329_495.9",163
"456.12872_599",2902
"456.21862_357.7",2897
"456.25016_371",2903
"456.27037_461.2",2894
"456.29485_369.2",168
"456.83583_948.2",52
"457.09864_446.8",204
"457.11227_571.7",2899
"457.12805_598.4",2898
"457.17916_555.3",2901
"457.1994_588.1",2895
"457.27357_599.6",2896
"457.353_533.5",2893
"457.78686_950.6",84
"457.83558_947.6",2272
"458.00034_415.3",491
"458.12953_598.4",2896
"458.14412_629.9",2903
"458.35574_533.5",2879
"458.4206_530.5",2889
"459.12818_598.4",2899
"459.14357_629.9",2880
"459.16316_468.6",160
"459.19487_588.7",2906
"459.25029_466",154
"459.28955_616.6",2898
"460.132_598.4",2893
"460.20988_588.1",2902
"460.29315_616.6",2899
"460.93217_365.6",2893
"461.0008_405.6",2873
"461.13076_598.4",2891
"461.15854_468",164
"461.81388_26.3",2893
"461.88003_947",50
"462.17676_258.3",2899
"462.29821_517.8",2899
"463.20665_571.1",2898
"463.29132_513.6",2901
"463.30571_413.5",2900
"463.34101_516",2899
"463.76866_959.1",23
"463.88152_949.4",32
"464.29593_513.6",2898
"464.301_332.2",2898
"464.30949_413.5",2894
"464.31434_549.3",2896
"464.87782_943.3",44
"465.1924_309.2",2899
"465.20633_573.5",2904
"465.24888_328",2899
"465.28531_496.7",2900
"465.30401_582.6",2899
"465.30457_332.2",2900
"465.31743_549.9",2900
"465.35729_594.7",2893
"465.35724_574.1",2897
"465.88114_943.4",20
"466.24167_368.6",151
"466.29292_505.1",2898
"466.307_582.6",2897
"466.30721_332.2",2897
"466.32806_547.5",2899
"466.6395_25.6",2896
"466.80479_946.4",37
"466.87397_943.3",64
"467.18949_588.7",2896
"467.19218_296.5",2880
"467.30906_582.6",2897
"467.34836_402",2900
"467.37325_577.8",2897
"467.78558_960.9",63
"467.87656_942.7",105
"467.90328_949.4",52
"468.12961_254",2891
"468.18149_599",2897
"468.31023_582.6",2898
"468.33244_424.4",2885
"468.90359_949.4",162
"469.15041_588.1",2899
"469.18408_598.4",2902
"469.22605_311",2903
"469.23842_528.1",2897
"469.25852_429.2",2885
"469.28351_484.1",2899
"469.78063_960.3",67
"469.90079_949.4",35
"470.16037_571.7",2899
"470.19725_629.9",2891
"470.22948_311",2896
"470.25695_305",2894
"470.28702_484.1",2902
"470.32145_385",2884
"470.34822_447.3",2899
"470.78352_959.7",61
"470.81786_948.2",255
"470.89861_949.4",286
"471.11372_468.6",163
"471.16498_572.3",2878
"471.24159_337.7",2898
"471.25413_555.3",2896
"471.26629_518.4",2888
"471.29431_515.4",2893
"471.34619_599.6",2870
"471.37918_517.2",2896
"471.78487_960.9",166
"471.83006_954.9",99
"472.17545_599.6",2898
"472.27006_517.8",2894
"472.68578_29.1",2893
"472.81344_948.2",2547
"473.16469_570.5",2881
"473.27515_402.6",2899
"473.28149_552.3",2896
"473.28209_551.7",2891
"473.399_722.1",172
"473.83578_947",105
"474.12604_574.1",2901
"474.19105_629.9",2893
"474.26208_450.9",2901
"474.28554_551.7",2892
"474.40193_722",161
"474.40223_722.7",54
"475.30574_434.7",2901
"475.32659_406.8",2890
"475.35992_680.2",2898
"475.37826_623.2",2898
"475.76512_948.8",158
"475.83161_946.4",58
"475.88527_939.1",104
"475.8851_939.7",25
"476.27764_472.6",2898
"476.30894_434.1",2895
"476.3625_680.2",2888
"476.83403_945.8",67
"477.17751_571.7",2905
"477.27326_369.2",110
"477.28085_472.6",2900
"477.32105_432.8",2900
"478.29317_497.9",2901
"478.82959_945.8",2844
"479.19292_599",2901
"479.26468_377.7",2899
"479.28301_421.4",2899
"479.29676_497.9",2897
"479.31971_593.5",2897
"479.37147_639",2894
"479.83143_945.8",313
"480.28655_420.7",2901
"480.30903_529.3",2898
"480.30903_479.2",2900
"480.32253_593.5",2897
"480.82919_945.8",25
"480.96977_380.7",136
"480.96949_948.8",30
"481.10658_430.4",78
"481.17998_547.5",2896
"481.19921_571.7",2899
"481.20724_309.2",2901
"481.24348_276.5",2894
"481.25721_479.2",2893
"481.28011_383.8",2898
"481.31229_529.3",2898
"481.31218_479.2",2900
"482.09019_229.8",2898
"482.24737_277.1",2895
"482.28354_383.8",2897
"482.31489_479.2",2901
"482.31487_529.3",2895
"482.81144_955.5",2032
"483.19515_572.3",2900
"483.21588_599",2896
"483.25887_284.9",2897
"483.2724_478",2894
"483.30088_504.8",2893
"483.36839_527.5",2898
"483.83194_959.1",59
"484.15441_574.1",2902
"484.26758_389.8",2898
"485.16575_240.1",2904
"485.21019_599.6",2898
"485.27844_438.3",2900
"485.38379_537.8",2895
"486.1692_239.5",2900
"486.22518_599",2897
"486.28129_438.3",2894
"486.38772_537.8",2881
"487.20118_292.2",2896
"487.22577_630.5",2902
"487.29056_499.1",2895
"487.32718_423.2",2897
"487.78852_948.2",33
"488.23703_345",2900
"488.23844_629.9",2895
"488.29399_499.7",2904
"488.82667_953.7",28
"488.96204_954",64
"489.01349_460.6",2798
"489.17315_547.4",2897
"489.2166_310.4",2894
"489.24063_344.4",2888
"489.28257_700.8",168
"489.30361_526.3",2895
"489.82642_953",2452
"490.01454_460.6",2901
"490.30706_526.9",2879
"491.18886_572.9",2896
"491.32204_557.2",2898
"491.32282_360.1",2892
"491.37334_611.7",2897
"491.82137_949.4",88
"492.32535_557.2",2900
"493.06816_516",2894
"493.15058_572.3",2895
"493.27859_387.4",2894
"493.29931_434",2887
"493.33501_611.1",2899
"493.38889_594.7",2867
"493.81802_950",82
"494.15581_571.7",2891
"494.16863_599.6",2896
"494.32466_499.1",2898
"494.96883_361.3",147
"494.96871_948.2",2882
"495.16595_599",2895
"495.22011_630.5",2899
"495.22271_268",2902
"495.29548_352.8",2898
"495.29583_516",2896
"495.31521_608.1",2900
"495.4044_623.8",2900
"495.97224_361.3",100
"496.16917_599",2812
"496.29956_352.8",2897
"496.30339_496.1",2893
"496.31861_608.1",2897
"496.40782_623.8",2900
"496.78813_965.8",42
"497.11565_291.6",2894
"497.27495_340.1",2899
"497.28904_434.1",2897
"497.41123_623.8",2898
"498.11864_292.2",2894
"498.26181_451.5",2899
"498.28862_336.5",2884
"498.9295_388.6",2900
"499.13222_311",2897
"499.26555_451.6",2895
"499.29129_339.5",2901
"499.31849_562",2897
"499.93276_388.6",2899
"500.27773_473.8",2898
"500.29287_340.1",2895
"500.32205_562",2901
"500.83911_946.4",105
"501.28106_473.8",2901
"501.85544_950",86
"502.14111_291.6",2904
"502.27025_435.3",2896
"502.29291_490.1",2898
"502.78049_956.7",2753
"503.06534_461.8",2854
"503.13284_292.2",2896
"503.29665_490.1",2898
"503.32185_369.2",2901
"503.40951_634.1",2898
"504.06613_461.8",2780
"504.13615_292.2",2890
"504.27016_507",2892
"504.30876_465.4",2903
"504.85037_948.2",26
"505.14852_311",2889
"505.20731_374.1",2901
"505.31229_465.4",2901
"505.33537_591.7",2896
"505.38497_427.4",2889
"505.42466_654.2",2899
"506.31489_466",2898
"506.32445_491.3",2900
"506.33858_591.7",2894
"507.19515_572.9",2902
"507.22286_406.8",2895
"507.25312_426.2",2900
"507.27173_464.8",2898
"507.31932_458.2",2891
"507.32812_491.3",2900
"507.35072_618.4",2897
"507.80136_950.6",37
"508.20801_369.8",116
"508.22647_406.8",2897
"508.2754_464.8",2897
"508.33075_490.7",2897
"508.34035_522",2899
"508.35366_618.4",2900
"509.22904_406.8",2899
"509.27466_339.5",2894
"509.28732_489.5",2902
"509.33055_619.6",2898
"509.34379_522",2896
"509.3755_722.7",157
"510.15285_588.1",2899
"510.25255_316.5",2900
"510.29154_489.5",2898
"510.33304_619.6",2897
"510.34592_522",2897
"510.379_722.7",139
"510.62047_25.6",2891
"510.87758_939.1",37
"510.88049_21.8",2896
"511.21603_298.9",2905
"511.25572_316.5",2900
"511.29047_332.2",2900
"511.29076_501.5",2897
"511.3994_592.3",2895
"511.39969_557.8",2895
"511.47202_588.1",2898
"511.87001_945.8",27
"512.26822_346.8",2900
"512.29237_332.2",2899
"512.29393_501.5",2901
"512.29897_435.3",2900
"512.3342_474.5",2900
"512.4028_557.8",2890
"512.47577_588.1",2889
"512.70809_968.2",326
"512.83526_959.1",107
"512.86565_945.2",43
"513.08798_292.2",2899
"513.23729_338.9",2883
"513.27122_346.8",2898
"513.30227_435.3",2898
"513.74008_25",2895
"514.147_588.1",2901
"514.27096_346.8",2898
"514.28397_305.6",2896
"514.30482_435.3",2899
"514.89233_21.8",25
"515.13033_446.8",132
"515.33142_602.6",2895
"515.37253_552.3",2901
"515.40906_642",2881
"515.77484_968.2",23
"516.28495_457",2905
"516.29377_368.6",2898
"516.32075_497.3",2899
"517.1511_572.9",2894
"517.24083_451.5",2895
"517.29931_370.4",2902
"517.38896_529.3",2896
"517.38906_568.7",2897
"518.38375_764.5",2888
"518.42791_657.2",2888
"519.22222_409.2",2891
"519.32647_680.2",2894
"519.40436_722.7",173
"519.40445_600.2",2898
"519.82908_948.2",39
"520.26471_485.9",2901
"520.32855_680.8",2891
"520.40776_601.4",2901
"520.83016_948.2",2767
"520.90916_939.7",85
"520.90933_21.8",2892
"521.16522_588.1",2888
"521.26806_485.9",2899
"521.32267_680.2",2891
"521.91251_939.7",74
"522.27465_368.6",2883
"522.32463_679.6",2894
"522.74733_30.9",2897
"522.77742_950",147
"522.82651_947.6",2680
"523.12877_468",162
"523.26136_582.6",2883
"524.25178_369.2",62
"524.27743_473.8",2897
"524.33518_498.5",2898
"525.08586_447.4",37
"525.08504_446.1",137
"525.16648_555.3",2896
"525.26992_274",2898
"525.28098_473.8",2901
"525.33833_498.5",2899
"526.24755_290.4",2889
"526.29329_485.9",2895
"526.31433_457",2900
"526.35048_496.7",2899
"526.96019_102.6",2875
"526.9769_387.4",55
"527.18259_589.3",2907
"527.21298_286.2",2901
"527.31782_457.6",2900
"527.35389_496.7",2899
"527.39371_523.8",2897
"527.43007_617.2",2899
"527.77136_949.4",37
"528.2158_285.5",2897
"528.26308_321.3",2897
"528.26293_284.9",2901
"528.28636_449.2",2897
"528.35687_496.7",2898
"529.14586_468",149
"529.20474_406.8",2901
"529.26641_321.3",2900
"529.26595_284.9",2898
"529.31257_467.8",2875
"530.20789_406.8",2897
"530.26556_321.3",2898
"530.28386_449.7",2900
"530.30199_479.3",2897
"530.7733_948.8",14
"530.86532_21.2",2898
"530.96712_399.5",2812
"530.96636_948.2",52
"531.30521_478.7",2900
"532.29952_479.2",2899
"532.33922_505.1",2871
"533.1791_309.2",2900
"533.24246_282.5",2899
"533.29108_582.6",2899
"533.30175_479.2",2896
"533.4543_588.1",2899
"534.15231_572.3",2897
"534.24974_347.4",2899
"534.2946_582.6",2893
"534.45755_588.1",2900
"534.79185_945.8",106
"534.86153_942.7",31
"534.92155_445.5",22
"535.25331_346.8",2902
"535.29117_501.5",2898
"535.39964_505.8",2894
"535.39927_542",2891
"536.29952_435.3",2892
"536.78956_946.4",47
"537.13811_588.1",2899
"537.32672_328",2895
"537.41526_574.1",2897
"537.76804_958.5",35
"538.18435_629.9",2898
"538.31463_449.7",2897
"538.35043_514.2",2898
"538.41877_574.1",2899
"538.8036_948.2",70
"539.10133_467.4",132
"539.24911_329.2",2897
"539.24949_271.6",2898
"539.31786_449.7",2898
"539.43088_590.5",2899
"540.16267_599.6",2900
"540.25244_271",2897
"540.26309_388",2894
"540.32055_449.7",2895
"540.33012_479.4",2899
"540.43436_590.5",2899
"540.80008_948.2",209
"541.26486_263.1",2886
"541.32352_449.7",2890
"541.33322_479.4",2898
"541.82274_946.4",38
"542.17864_629.9",2888
"542.26837_263.1",2884
"542.33645_479.3",2901
"543.27824_262.5",2893
"543.33878_479.2",2898
"543.34505_556.5",2894
"543.78096_960.3",331
"543.87271_939.7",77
"544.25773_369.2",113
"544.26486_472.6",2898
"544.34165_479.2",2899
"544.34793_555.9",2896
"544.61742_25.6",2900
"544.78395_959.7",45
"544.82084_945.2",2176
"544.9656_948.2",51
"544.96566_380.7",74
"545.16483_571.7",2900
"545.26124_369.2",53
"545.26842_472.6",2897
"545.82418_945.8",76
"545.91819_949.4",280
"546.16834_571.7",2891
"546.2808_498.5",2898
"546.31881_512.4",2895
"546.39255_629.9",2886
"546.81721_945.2",29
"547.18041_599",2899
"547.27086_420.7",2897
"547.28466_498.5",2895
"547.32142_680.2",2899
"547.81963_945.2",26
"548.29603_529.3",2898
"548.32457_680.2",2900
"548.37721_608.7",2898
"549.16704_548.1",2894
"549.19605_629.9",2899
"549.29939_529.3",2900
"549.32722_680.2",2896
"550.3019_529.3",2895
"550.31414_446.1",2880
"550.35081_509.4",2895
"551.16666_554.7",2903
"551.18197_571.7",2897
"551.3546_509.4",2899
"551.35781_606.9",2902
"551.46673_658.4",2892
"552.2853_444.3",2901
"552.32985_470.8",2900
"552.36669_540.8",2900
"552.36635_508.2",2896
"553.19747_599",2896
"553.33291_470.8",2896
"553.36987_507.6",2894
"553.42407_657.2",2877
"553.78218_947.6",113
"554.18432_587.5",2904
"554.30148_464.8",2901
"554.314_342.5",2894
"554.34585_499.1",2899
"554.38168_539.6",2901
"554.47828_691.1",2897
"554.76649_25.2",2894
"554.9153_32.4",2903
"555.21337_629.9",2897
"555.27832_499.7",2882
"555.30475_464.8",2901
"555.34901_499.1",2901
"555.38576_539.6",2898
"555.44085_660.8",2900
"555.48056_690.5",2890
"556.29982_464.8",2898
"556.31755_491.3",2899
"556.32583_354.1",2901
"556.38767_539.6",2897
"556.77742_947",63
"557.30265_463.6",2899
"557.3215_479.9",2897
"557.32917_353.5",2899
"557.83297_958.5",100
"558.31531_491.3",2897
"558.33252_522",2900
"558.77344_947",24
"558.85686_947.6",33
"559.33594_522",2899
"559.39708_574.1",2895
"559.47243_571.7",2895
"559.47138_680.8",2900
"560.22799_680.2",2896
"560.28361_480.4",2904
"560.33097_522",2901
"560.47556_571.7",2896
"561.13816_571.7",2901
"561.20069_258.3",2896
"561.22755_680.2",2901
"561.33357_522",2898
"561.37953_597.8",2900
"561.48722_697.8",2897
"562.22838_680.2",2890
"562.31457_444.3",2899
"562.38328_597.8",2900
"563.03231_513.6",2890
"563.15372_599",2897
"563.22653_680.2",2892
"563.31779_444.3",2899
"563.50362_598.4",2898
"564.0329_513.6",2817
"564.24409_369.2",53
"564.33015_465.4",2898
"564.32975_466.2",2898
"564.50678_598.4",2892
"565.30109_329.2",2895
"565.3335_466.2",2899
"565.33384_465.4",2899
"565.51006_598.4",2895
"566.30442_329.2",2898
"566.33636_465.4",2901
"566.34592_491.3",2899
"566.77177_956.7",26
"566.89889_939.1",41
"567.31679_365.6",2872
"567.33893_465.4",2899
"567.34982_491.3",2898
"567.53487_629.9",2897
"567.90083_939.1",68
"568.26506_473.8",2899
"568.2796_322.5",2899
"568.34141_465.4",2901
"568.35186_491.3",2900
"568.36149_522",2898
"568.36113_522.6",2898
"568.46548_603.2",2896
"568.53842_629.9",2891
"569.27261_435.3",2895
"569.35462_491.3",2901
"569.36518_522",2899
"570.27518_435.3",2887
"570.35708_491.3",2896
"570.36773_522",2901
"571.12077_291.6",2897
"571.28796_464.2",2898
"571.37006_522",2901
"571.37835_541.4",2902
"572.29162_464.2",2902
"572.37276_522",2900
"572.43091_755.4",2586
"572.43077_754.8",2404
"573.295_464.8",2896
"573.3313_436.5",2889
"573.43422_755.4",20
"573.45165_623.8",2877
"574.455_623.8",2893
"574.455_579",2898
"575.18197_572.9",2895
"575.4668_640.8",2875
"576.20266_472.6",2900
"576.27499_680.2",2905
"576.28555_445.5",2885
"576.47029_642",2909
"576.80393_955.5",171
"577.0842_505",35
"577.10003_446.2",71
"577.37344_429.2",2890
"577.37351_608.7",2894
"577.85848_948.8",132
"578.08494_505.1",32
"578.30131_467.2",2901
"578.30949_408.6",2889
"578.37724_608.7",2900
"579.19735_599.6",2894
"579.38972_641.4",2895
"579.43869_679.6",2899
"580.11986_555.3",2897
"580.28625_435.3",2901
"580.31684_484.1",2895
"580.361_511.2",2899
"580.3976_547.5",2899
"580.44214_679",2897
"580.49389_697.8",2899
"580.96405_418.3",64
"581.21298_629.9",2903
"581.24043_334.7",2899
"581.28955_435.3",2894
"581.31938_466",2896
"581.45322_680.2",2897
"581.45394_571.7",2897
"581.52454_728",2896
"581.52538_728.7",2897
"582.37731_542",2901
"582.41313_580.8",2896
"582.45794_571.7",2896
"582.50928_715.4",2898
"582.87962_21.8",34
"583.25542_280.7",2896
"583.25551_544.4",2901
"583.25573_241.3",2900
"583.27882_334.1",2886
"583.33557_491.3",2900
"583.41644_580.8",2894
"583.51286_715.4",2900
"584.25906_280.7",2898
"584.25874_544.4",2898
"584.26045_383.8",2898
"584.35501_392.9",2892
"584.35529_478.6",2891
"584.52433_725",2895
"584.79586_948.2",48
"585.22962_450.9",2898
"585.26159_544.4",2902
"585.3519_522",2899
"585.48541_599",2897
"586.31449_444.9",2900
"586.37092_765.1",2395
"586.3711_764.4",127
"586.48899_599",2900
"587.13686_555.3",2895
"587.31791_444.9",2893
"587.37118_548.1",2899
"587.37412_763.9",44
"587.49245_598.4",2891
"587.81397_947.6",60
"588.32074_444.9",2899
"588.33047_467.2",2897
"588.37386_548.7",2898
"588.89671_939.7",117
"588.897_21.8",2897
"589.15245_588.1",2903
"589.23218_225.5",2893
"589.32347_445.5",2898
"589.33387_467.2",2899
"589.51644_629.9",2901
"589.89987_939.7",75
"590.23466_225.5",2894
"590.34597_483.5",2897
"590.51965_629.9",2899
"590.81331_947",54
"591.32673_679.6",2856
"591.34928_483.5",2901
"591.38948_622.6",2899
"591.46195_604.4",2897
"591.46195_583.8",2895
"591.90914_949.4",30
"592.29895_479.2",2897
"592.32221_498.5",2895
"592.32073_342.5",2890
"592.35156_483.5",2897
"592.36112_505.1",2897
"592.39282_622.6",2896
"592.4655_604.4",2899
"592.81025_946.4",23
"593.15424_555.3",2902
"593.33343_247.4",2891
"593.3549_483.5",2904
"593.36449_504.6",2897
"593.3968_622.6",2900
"593.40589_602",2899
"593.47723_576.6",2899
"593.47789_609.3",2901
"593.76114_948.8",101
"594.3023_457",2898
"594.33902_496.7",2900
"594.3671_505.1",2898
"594.377_530.5",2901
"594.40916_602",2891
"594.48125_609.3",2899
"594.96273_399.5",57
"594.96239_948.2",33
"595.16996_588.1",2901
"595.28852_451.6",2898
"595.34198_496.7",2896
"595.38031_530.5",2901
"595.38407_431.7",2893
"595.49337_624.4",2898
"595.96575_398.9",87
"596.27826_529.3",2902
"596.29167_451.5",2895
"596.39277_563.2",2893
"597.13282_468",161
"597.27189_437.1",2875
"597.30382_680.2",2893
"597.30404_476.2",2897
"597.39608_563.2",2895
"597.50084_625.1",2898
"597.55832_25.6",2893
"598.30608_476.3",2896
"598.30707_680.2",2894
"598.39739_563.2",2893
"598.85282_21.2",104
"599.18158_570.5",2893
"599.30927_476.8",2886
"599.31966_507.6",2897
"599.44693_588.1",2901
"600.28391_260.1",2898
"600.32299_507.6",2900
"600.45089_588.1",2883
"600.51106_736",2901
"600.8524_942.7",44
"601.27905_582.6",2895
"601.32576_507.6",2896
"601.33384_347.4",2885
"601.44288_588.1",2899
"602.32817_507.6",2894
"602.44571_588.1",2898
"602.77793_945.2",66
"602.84897_942.7",2852
"603.10937_555.3",2895
"604.57238_25.6",2889
"604.77473_945.8",28
"605.23756_544.4",2902
"605.31975_467.2",2884
"605.40506_634.8",2897
"605.45369_572.3",2896
"606.13426_571.7",2901
"606.22883_369.5",46
"606.24074_544.4",2898
"606.30204_449.7",2899
"606.3277_312.2",2884
"606.40812_634.8",2896
"606.41449_559.6",2897
"606.7889_947.6",60
"607.24349_544.4",2896
"607.30535_449.7",2894
"607.33116_311.6",2895
"607.33544_484.1",2897
"607.38458_628.7",2890
"608.25021_497.9",2739
"608.31741_479.3",2898
"608.38726_628.7",2899
"608.42978_585.6",2897
"608.78658_947.9",46
"609.31205_345",2897
"609.32058_479.2",2898
"609.34737_360.1",2888
"609.43048_585.6",2895
"609.50878_681.4",2892
"609.55635_748.1",2901
"610.31384_449.7",2898
"610.31576_345",2896
"610.32356_479.2",2897
"610.35922_331",2895
"610.37182_491.3",2892
"610.39311_588.1",2894
"610.44497_619",2899
"610.54027_736.6",2898
"611.39675_588.1",2897
"611.54342_737.1",2896
"611.85982_939.7",2902
"612.25375_473.3",2893
"612.33011_467.2",2897
"612.38721_522",2894
"612.80815_945.2",176
"613.15254_572.3",2897
"613.33361_467.2",2898
"613.35861_325.6",2901
"613.39931_588.1",2883
"613.81113_945.2",33
"614.3469_479.2",2897
"614.3626_325.6",2896
"614.50729_601.4",2896
"614.80455_945.2",706
"615.1016_209.2",2896
"615.16794_599.6",2898
"615.3504_479.2",2895
"615.71079_960.3",97
"615.80675_944.6",100
"616.24708_473.8",2899
"616.28375_529.3",2898
"616.29907_464.8",2895
"616.36142_500.3",2898
"616.80743_945.2",46
"617.18405_629.9",2894
"617.24973_474.4",2893
"617.28754_529.3",2897
"617.31449_209.2",2896
"617.36475_500.3",2897
"617.47539_625.7",2897
"617.71288_957.9",108
"618.05214_390.4",48
"618.31473_491.9",2900
"618.36751_500.9",2894
"618.47544_656.6",268
"618.78392_953.7",129
"619.16952_572.3",2899
"619.28857_453.4",2898
"620.29159_453.4",2901
"620.33084_522",2894
"620.34288_366.2",2898
"620.35319_507.6",2894
"621.16881_588.1",2891
"621.18509_599.6",2898
"621.30431_469.6",2899
"621.32767_397.1",2897
"621.35765_507.6",2898
"621.43632_625.7",2901
"621.76765_947",30
"622.33089_396.5",2886
"622.3697_539.6",2896
"622.40799_568.7",2901
"623.20037_629.9",2890
"623.336_499.7",2900
"624.20399_473.3",2898
"624.30592_491.9",2900
"624.33852_332.8",2893
"624.42367_602",2897
"624.76407_946.4",63
"625.34362_332.8",2895
"625.55099_716.6",2869
"625.55164_716",2871
"626.28845_449.7",2864
"626.30383_491.9",2901
"626.32_522",2899
"626.34712_332.8",2893
"626.76047_946.4",2465
"627.10886_547.5",2886
"627.21931_544.4",2901
"627.37443_341.9",2898
"627.38535_574.1",2899
"627.44141_588.1",2899
"628.26752_435.3",2900
"628.30381_479.2",2896
"628.3189_522",2893
"628.37774_341.9",2897
"628.44475_588.1",2892
"628.76126_946.4",23
"629.12525_572.3",2895
"629.35293_301.3",2885
"629.38047_342.5",2887
"629.45269_571.7",2898
"630.12963_572.3",2902
"630.30158_444.3",2898
"630.96086_437.1",2879
"631.14062_600.2",2896
"631.30474_444.3",2903
"631.39741_541.4",2895
"631.75528_961.5",55
"632.1594_629.9",2892
"632.31765_464.8",2899
"633.09129_291.6",2889
"633.15717_629.9",2897
"633.32089_464.8",2900
"634.32374_464.2",2897
"634.33314_491.3",2900
"634.36896_506.3",2895
"634.44456_597.2",2899
"634.75847_956.1",76
"634.88623_939.1",75
"635.32841_365",2894
"635.33663_491.3",2901
"635.3797_513",2902
"635.44737_597.2",2893
"635.88808_939.1",46
"636.25298_474.4",2898
"636.33249_365.6",2880
"636.33908_491.3",2901
"636.34903_522",2900
"636.46008_621.4",2898
"636.55592_742.6",2900
"637.17444_544.4",2892
"637.256_473.8",2900
"637.34405_379.5",2897
"637.35223_522",2898
"637.43144_639",2898
"637.46329_622",2900
"638.23893_449.7",2894
"638.35497_521.4",2899
"638.36752_465.4",2895
"638.43496_639",2900
"638.47602_653.6",2897
"638.57187_756.5",2895
"638.952_953",96
"639.10743_291.6",2895
"639.35773_521.4",2900
"639.4786_653.6",2896
"639.57545_756.5",2901
"640.38313_491.3",2862
"641.21329_544.4",2892
"641.25786_479.9",2904
"641.3533_337.1",2862
"641.38565_491.3",2888
"641.45322_572.9",2903
"641.82049_26.3",2887
"642.39896_522",2893
"642.48572_666.3",2902
"643.28849_454",2896
"643.40258_522.6",2887
"643.48972_666.9",2887
"644.29164_453.4",2878
"644.39244_534.1",2895
"644.71429_967.6",49
"644.95905_948.2",72
"644.95943_418.3",1919
"645.3612_608.7",2900
"645.96283_418.3",36
"646.42602_598.4",2899
"647.42914_679.6",2892
"647.44611_571.7",2894
"647.45356_599",2893
"648.22142_528.7",2888
"648.27395_435.3",2903
"648.29125_463.6",2897
"648.3869_496.1",2892
"648.82059_29.1",2887
"648.84092_945.8",451
"648.91324_477.7",270
"649.27736_435.3",2891
"649.44267_571.7",2894
"650.30578_491.3",2895
"650.43861_605.7",2902
"650.4971_715.4",2906
"650.60755_777.3",2894
"650.86718_21.2",2634
"650.90939_477.7",22
"651.10367_545.6",31
"651.10328_545",35
"651.10587_446.2",45
"651.47749_599",2901
"651.50054_715.3",2899
"652.10391_545.6",26
"652.30384_464.8",2896
"652.3232_521.4",2899
"652.45517_637.8",2897
"652.48165_599",2895
"652.58778_765",2900
"653.40095_599",2878
"653.45775_637.2",2898
"653.47404_599",2899
"653.58276_737.8",2900
"653.5826_737.1",2897
"654.30098_444.9",2896
"654.3193_491.3",2889
"654.47636_599",2895
"654.58611_736.6",2900
"654.58563_737.8",2896
"655.42099_556.5",2894
"655.50758_630.5",2902
"655.56377_759",2899
"655.58809_737.1",2896
"656.24022_485.9",2898
"656.31686_467.2",2897
"656.33536_522",2897
"656.38393_679.6",2888
"656.39559_588.1",2890
"656.42495_556.5",2896
"656.5742_773",2893
"656.88389_939.7",41
"657.13986_588.1",2901
"657.30331_480.4",2899
"657.32016_467.2",2898
"657.33087_365.6",2895
"657.49708_654.2",2897
"657.8873_939.7",145
"658.33284_484.1",2895
"658.35899_399.5",2896
"658.39351_571.7",2890
"658.7132_961.5",78
"659.33637_484.1",2896
"659.37696_622.6",2900
"659.3976_571.7",2895
"659.5127_673.6",2898
"660.34852_504.6",2899
"660.37996_622.6",2892
"660.39943_571.7",2903
"660.51612_673.6",2897
"660.70842_961.5",20
"661.35209_504.6",2899
"661.38304_433.5",2900
"661.39971_571.7",2886
"661.71053_961.5",33
"662.32567_496.7",2887
"662.42366_599",2897
"662.47493_632.3",2889
"663.15727_588.1",2896
"663.19637_544.4",2890
"663.27618_451.5",2881
"663.35946_383.8",2900
"663.42925_599",2901
"663.47021_573.5",2896
"663.47789_633.5",2902
"663.5196_751.8",2889
"664.20038_543.8",2894
"664.25515_465.4",2899
"664.36158_383.2",2896
"664.41867_500.9",2897
"664.41907_659",2856
"664.43177_598.4",2886
"664.4911_655.4",2896
"664.58789_760.2",2897
"664.88388_484.5",153
"665.12047_468",163
"665.42173_500.9",2903
"665.43084_599",2886
"665.59081_760.2",2895
"666.27082_491.9",2894
"666.60353_773",2901
"666.88035_484.4",58
"667.20782_544.4",2896
"667.27419_491.9",2895
"667.30719_507.6",2898
"667.60695_773",2906
"668.27215_449.7",2896
"668.28629_522",2897
"668.83967_942.1",38
"669.28978_522",2900
"669.42961_588.1",2895
"669.75665_947",2151
"669.84221_942.1",75
"670.28812_479.2",2898
"670.83675_942.1",22
"671.29108_479.3",2900
"671.44556_572.3",2891
"672.30558_271.6",2899
"673.11261_588.1",2902
"673.22492_544.4",2900
"673.35743_468",165
"673.39304_634.8",2897
"673.42557_680.2",2894
"673.52778_652.9",2900
"674.21609_369.8",90
"674.2278_544.4",2897
"674.28933_449.7",2894
"674.42848_680.2",2902
"674.77325_947.6",2194
"675.23074_544.4",2899
"675.29297_449.7",2895
"675.34214_343.1",2894
"675.44147_571.7",2899
"675.44041_680.8",2895
"676.42394_534.7",2897
"676.4445_571.7",2899
"677.30855_478.6",2897
"677.42417_588.1",2893
"677.54953_800.3",75
"677.79562_947",2873
"678.15341_629.9",2902
"678.52815_737.1",2898
"678.60295_768.1",2893
"679.47267_599",2897
"679.84788_939.7",49
"680.23195_369.2",157
"680.23914_472.6",2907
"680.47603_599",2893
"680.57477_762.6",2894
"680.61875_780.3",2898
"680.79572_944.6",90
"680.9558_455.8",144
"681.13955_572.3",2895
"681.61422_756",2898
"681.62214_780.3",2896
"682.31739_491.3",2900
"682.34172_522",2888
"682.59_774.2",2890
"683.50328_629.9",2896
"683.59303_774.2",2895
"683.69864_958.5",46
"683.79565_944.6",33
"684.24504_449.8",2901
"684.27156_529.3",2891
"684.33058_522",2896
"684.50689_629.9",2900
"684.6056_787",2898
"684.79625_945.2",65
"685.17006_629.9",2896
"685.25533_479.3",2896
"685.33328_522",2894
"685.46284_624.5",2895
"685.52799_646.9",2896
"685.57578_26.3",2897
"685.60873_787.5",2888
"686.2601_478.7",2896
"687.15674_571.7",2898
"687.27559_453.4",2898
"687.54366_666.9",2897
"688.27873_454",2827
"688.34083_507",2896
"688.45499_654.2",2893
"688.49025_25.6",2886
"688.54758_666.9",2899
"689.17269_599.6",2896
"689.19199_544.4",2894
"689.34367_508.2",2534
"689.48673_582.6",2897
"689.54989_666.9",2893
"690.32054_499.7",2899
"690.35683_539.6",2883
"690.60338_762.6",2902
"690.87799_940.3",59
"691.18815_630.5",2887
"691.50239_605.7",2898
"691.60662_762.6",2899
"691.75141_947",60
"692.29231_492.5",2897
"692.50569_605.7",2902
"692.61883_774.8",2899
"692.75142_946.4",2112
"692.83415_947",71
"693.21142_544.4",2895
"693.53857_715.4",40
"693.62186_774.8",2898
"693.64893_25.8",2896
"694.42951_511.8",2895
"694.42967_659",2894
"694.46457_612.3",2897
"694.63459_787",2900
"694.74791_945.8",40
"694.95621_437.1",94
"694.95593_947.6",27
"695.20766_544.4",2895
"695.36105_342.5",2900
"695.37188_574.7",2895
"695.4328_511.8",2897
"695.63791_787.6",2898
"695.74992_945.8",81
"695.95943_437.1",69
"696.30358_491.3",2897
"696.43539_511.8",2897
"696.64168_787.1",2898
"696.74846_945.8",41
"697.30665_491.3",2895
"697.50142_555.3",2899
"698.28956_444.9",2886
"698.31912_521.4",2895
"698.51212_708.1",2898
"698.91037_491.7",2316
"699.32276_522",2902
"699.44042_572.9",2896
"699.5153_708.1",2896
"699.91356_491.9",155
"700.30508_460.6",2900
"700.90758_491.7",821
"701.53063_722.6",2899
"702.32045_491.9",2900
"702.54166_724.4",2898
"702.87362_939.1",48
"703.14342_630.5",2893
"703.32388_491.9",2904
"703.54598_724.5",2876
"704.24016_473.8",2888
"704.33616_522",2901
"704.39485_571.7",2901
"704.44993_654.2",2896
"704.44965_527.5",2898
"705.3396_522",2896
"705.51788_621.4",2898
"706.3417_522",2895
"706.52145_621.4",2901
"707.27375_491.3",2883
"707.31724_484.1",2850
"707.63861_780.3",2896
"708.24206_480.5",2901
"708.36089_572.9",2894
"708.42649_598.4",2900
"708.65116_792.6",2888
"709.28937_522",2887
"709.42951_599",2894
"709.50514_637.8",2900
"710.26026_463.6",2901
"710.50863_637.8",2895
"710.62857_764.4",2897
"711.50453_637.8",2897
"712.27564_491.3",2897
"712.44034_511.8",2897
"712.49155_679",2897
"712.50648_637.8",2896
"712.52748_718.4",2905
"712.64447_779.7",2806
"713.28713_522",2901
"713.44376_511.8",2900
"713.55873_675.4",2891
"714.29152_521.4",2900
"714.50708_695.4",2901
"714.83938_939.7",88
"715.29451_521.4",2898
"715.44316_599",2905
"715.51032_695.4",2900
"716.29335_522",2893
"716.52276_709.9",2898
"716.53092_657.8",2895
"717.42957_571.7",2891
"717.51812_615.4",2897
"717.52468_709.3",2888
"718.3903_572.9",2890
"718.52159_615.4",2899
"718.85507_21.2",2888
"719.39298_573.5",2900
"719.44875_528.7",2890
"719.46509_599",2896
"719.52457_615.4",2894
"719.53459_637.8",2899
"720.48123_622",2895
"720.49657_695.4",2900
"720.52737_615.4",2890
"720.53743_637.8",2898
"720.89601_649.3",52
"721.14515_614.8",2844
"721.46119_599",2895
"721.49946_695.4",2902
"721.54013_637.8",2900
"721.5704_737.2",2893
"722.30657_491.3",2900
"722.46118_550.5",2900
"722.49754_642.6",2899
"722.51205_708.1",2901
"722.54212_637.8",2901
"722.55243_649.9",2899
"723.29078_444.3",2879
"723.46467_551.1",2895
"723.51558_708.7",2902
"723.52166_652.9",2897
"723.54469_637.2",2898
"724.32249_522",2900
"724.50375_642.6",2889
"724.52749_714.2",2895
"724.87144_939.7",64
"725.42386_571.7",2903
"725.49311_629.3",2895
"725.52039_652.9",2887
"725.53116_714.7",2902
"725.53292_605.1",2895
"725.87448_939.7",53
"726.12414_582",42
"726.31974_484.7",2896
"726.52147_652.9",2896
"726.54332_729.9",2902
"726.62361_754.1",2901
"726.70004_960.3",30
"726.78857_945.8",19
"727.12142_583.2",2789
"727.14428_544.4",2892
"727.32331_484.7",2895
"727.33336_522",2830
"727.38658_571.7",2883
"727.54649_729.9",2899
"727.78999_945.2",2251
"728.14657_544.4",2889
"728.39212_571.7",2904
"728.4505_543.2",2899
"728.52306_705.7",2832
"728.55407_729.9",2897
"728.69576_959.7",46
"729.45513_599",2896
"729.56206_743.8",2899
"730.17811_614.8",1866
"730.45691_599",2900
"730.47363_25.6",2895
"730.54599_671.1",2895
"730.84908_940.9",14
"731.14455_588.1",2901
"731.18309_544.4",2901
"731.26305_452.1",2902
"731.41771_599",2897
"731.53362_632.3",2900
"732.24409_464.2",2900
"732.53716_632.9",2895
"732.57442_759.6",2897
"733.48788_629.9",2889
"733.54977_652.3",2898
"734.25878_491.3",2894
"734.46162_654.8",2900
"734.53335_682.7",2902
"734.55304_652.3",2900
"734.73812_946.4",44
"735.2939_507.6",2894
"735.52076_646.3",2901
"735.55506_652.9",2899
"736.52399_646.3",2897
"736.52764_718.4",2894
"736.55622_652.9",2895
"736.82722_942.1",78
"737.2544_582.6",2888
"737.27676_522",2896
"737.53094_718.4",2899
"737.53635_666.9",2901
"737.82972_942.1",38
"738.50619_679",2899
"738.50694_696",2900
"738.52153_646.9",2900
"738.53935_666.9",2900
"738.82456_942.1",159
"739.51041_696",2901
"739.51071_679",2894
"739.53595_666.9",2901
"739.62347_752.3",2883
"740.52183_700.8",2897
"740.53675_666.9",2900
"741.09968_588.1",2872
"741.21206_544.4",2897
"741.52529_700.8",2900
"741.54012_666.3",2898
"742.20208_369.2",50
"742.2151_544.4",2898
"742.27652_449.7",2893
"742.53838_717.8",2900
"743.28025_449.7",2897
"743.54164_717.8",2897
"744.29225_473.8",2898
"744.42248_623.8",2904
"744.56223_682.7",2897
"744.95294_948.2",2790
"745.55012_646.9",2897
"745.95639_455.8",2868
"746.49686_632.3",2898
"746.51213_705.7",2901
"746.55341_646.9",2899
"747.516_705.7",2896
"747.56545_666.9",2900
"748.51023_773",2903
"748.51342_651.7",2903
"748.52784_714.7",2898
"748.55752_646.9",2900
"748.56917_666.9",2899
"748.60548_780.4",2884
"748.78305_944.6",2554
"748.93043_502.6",51
"749.51655_651.1",2899
"749.53117_714.7",2899
"749.55919_646.3",2889
"749.57193_666.9",2900
"749.78595_944.6",59
"750.30351_492.5",2893
"750.52897_671.1",2902
"750.54363_729.9",2901
"750.57347_666.9",2897
"750.77954_944.6",186
"751.30598_493.1",2829
"751.53223_671.1",2901
"751.54689_729.9",2901
"751.57608_666.3",2899
"751.58585_676.6",2895
"751.68603_956.7",27
"751.78213_944.6",36
"752.25849_529.3",2894
"752.31839_522",2892
"752.52357_706.3",2874
"752.53488_671.1",2901
"752.58834_676.6",2895
"753.15878_629.9",2890
"753.40594_366.8",2823
"753.45037_626.3",2902
"753.53778_671.1",2899
"753.56008_732.9",2895
"753.84687_939.7",64
"754.24845_472.6",2888
"754.48631_512.4",2897
"755.26249_453.4",2899
"755.5771_748.7",2892
"757.17885_543.8",2905
"757.30568_291.6",2897
"758.30906_291",2891
"758.54261_654.2",2884
"758.59155_762.1",2893
"758.86516_939.7",45
"759.17624_629.9",2894
"759.30824_291",2892
"759.36584_940.3",40
"759.49099_606.3",2899
"759.56491_661.4",2901
"760.509_768.7",2897
"760.54875_692.9",2894
"760.56812_661.4",2895
"760.60712_774.8",2893
"761.33687_310.4",2896
"761.54407_634.2",2903
"761.55387_692.9",2900
"761.5801_678.4",2896
"761.60961_774.2",2900
"761.74101_946.4",2880
"762.27487_460.6",2892
"762.41765_511.8",2848
"762.50722_693.6",2901
"762.52597_780.4",2904
"762.5392_646.9",2898
"762.56181_694.8",2895
"762.58319_678.4",2895
"762.62191_787.1",2898
"762.73542_945.2",126
"763.19417_544.4",2895
"763.35864_574.7",2902
"763.41664_587.5",2889
"763.51063_693.6",2899
"763.5592_655.4",2882
"763.6248_787",2901
"764.19647_544.4",2897
"764.4201_588.1",2895
"764.50084_660.2",2901
"764.52289_702",2898
"764.5794_711.7",2896
"764.73684_945.2",610
"765.29433_491.3",2895
"765.50409_660.2",2893
"765.52627_702.6",2898
"765.56709_694.2",2897
"765.57455_653.6",2896
"765.58268_712.3",2894
"766.3063_522",2898
"766.49953_660.2",2900
"766.51911_678.4",2895
"766.53836_719",2901
"766.56012_481.7",2898
"766.57881_653.6",2900
"767.11551_602",2886
"767.30985_522",2902
"767.49957_660.8",2849
"767.52102_679",2889
"767.54155_719",2901
"767.58118_653.6",2889
"768.29175_460",2900
"768.54607_719",2893
"769.54929_642",2898
"770.30785_492.5",2897
"770.86073_939.1",113
"771.31086_492.5",2898
"771.56523_658.4",2899
"771.59324_700.2",157
"772.32333_522.6",2900
"772.38133_571.7",2896
"772.52745_711.1",2900
"772.56847_658.4",2899
"772.59588_700.8",151
"773.32672_522",2899
"773.50647_621.4",2894
"773.53152_711.8",2884
"773.58104_674.8",2900
"774.52568_774.8",2900
"774.52874_660.2",2900
"774.58424_674.8",2900
"775.53187_660.2",2899
"775.54693_727.5",2898
"775.59658_694.2",2897
"776.414_598.4",2901
"776.49856_648.7",2894
"776.54149_786.9",2901
"776.54438_677.8",2899
"776.55794_731.7",2894
"776.59975_694.2",2900
"776.9587_485.6",184
"777.49307_637.8",2897
"777.5453_787.5",2892
"777.5475_677.8",2899
"777.56205_732.3",2899
"777.60268_694.2",2892
"778.24806_458.8",2901
"778.44967_26.1",2891
"778.51486_671.1",2896
"778.55974_696.6",2898
"778.57008_732.4",2900
"778.61339_703.9",2892
"779.43511_599",2900
"779.51987_671.1",2897
"779.55309_677.8",2901
"779.56292_696.6",2901
"780.51621_671.7",2866
"780.56564_696.6",2900
"780.58056_773",2897
"781.56851_696.6",2896
"781.58321_773.6",2892
"781.86002_939.7",30
"782.27825_514.8",2898
"782.36108_939.7",34
"782.82642_940.3",37
"783.43148_599",2897
"784.43471_599",2874
"785.41626_571.7",2885
"785.50557_615.4",2895
"786.50891_615.4",2896
"786.52855_660.2",2899
"786.56472_699.6",2898
"787.44984_599.6",2891
"787.52135_637.8",2901
"787.56809_699.6",2897
"787.84381_939.7",326
"788.52462_637.8",2897
"788.54395_673.6",2898
"788.57883_702",2900
"788.97417_485.3",2877
"789.44864_599",2897
"789.52826_637.8",2895
"789.54761_673.6",2895
"789.58391_716.6",2893
"789.58477_701.4",2900
"790.50202_707.5",2896
"790.53882_716.6",2899
"790.55961_691.1",2900
"790.59548_717.1",2898
"791.48734_642.6",2884
"791.54254_716.6",2894
"791.56296_691.1",2898
"791.59888_717.1",2902
"792.29186_461.2",2903
"792.49391_639.6",2895
"792.53269_686.3",2899
"792.55333_723.2",2903
"792.57593_704.4",2903
"792.60173_717.1",2895
"792.8586_939.7",104
"793.47949_629.9",2898
"793.53482_686.9",2897
"793.57807_704.5",2898
"793.59994_718.4",2887
"793.86101_939.7",44
"794.30641_484.7",2887
"794.5092_660.8",2899
"794.53289_730.5",2902
"794.54687_702.6",2898
"794.58951_478.7",2901
"794.59635_780.3",2903
"794.94982_473.4",2848
"794.94965_948.5",2638
"795.13226_545",2896
"795.35062_622.6",2901
"795.37289_571.7",2894
"795.51222_660.8",2902
"795.5357_730.5",2894
"795.55003_702.6",2901
"795.95275_473.5",22
"796.51249_646.3",2898
"796.51402_660.8",2900
"796.54616_702.6",2898
"796.60075_780.3",2887
"796.77248_945.8",36
"797.51786_646.9",2899
"797.57977_667.5",2896
"798.52848_661.4",2899
"798.8368_940.9",38
"799.14012_615.4",25
"799.40475_599",2892
"799.53177_661.4",2899
"799.59648_682.7",2895
"800.14147_615.4",666
"800.14103_614.1",52
"800.54437_671.1",2901
"800.57919_708.1",2892
"800.59624_683.9",2894
"801.09452_468.6",170
"801.54761_671.1",2900
"801.61179_701.4",2900
"802.52698_481.7",2899
"802.54107_652.9",2898
"802.55999_686.9",2898
"802.55918_688.7",2898
"802.6137_701.4",2893
"803.19574_643.9",2838
"803.19547_643.2",2562
"803.50874_646.9",2894
"803.53087_481.7",2898
"803.56414_686.9",2899
"803.56288_688.7",2899
"803.62741_719",2899
"804.26137_522",2896
"804.4854_448.5",2900
"804.57459_704.5",2898
"804.57592_702.6",2897
"804.63055_719",2899
"804.81565_941.5",31
"805.19528_643.2",2579
"805.48781_447.9",2892
"805.57962_702.6",2900
"805.63346_719",2896
"806.52805_666.9",2897
"806.55361_659",2897
"806.58193_702.6",2897
"806.59669_774.8",2896
"807.50292_671.7",2900
"807.52337_664.5",2894
"807.58456_702.6",2901
"807.59978_774.9",2898
"808.50605_671.7",2902
"808.54886_685.1",2888
"808.58671_702.6",2897
"808.61218_787.1",2902
"809.19954_544.4",2893
"809.5084_671.7",2896
"809.55291_685.1",2894
"809.61497_787.5",2894
"809.68099_588.1",2895
"810.20342_544.4",2881
"810.52852_660.2",2896
"810.52734_718.4",2896
"810.5648_700.2",2901
"810.61825_788.3",2886
"810.68508_587.5",2894
"811.41598_571.7",2898
"811.53044_718.4",2902
"811.56814_700.2",2896
"812.51125_461.8",2896
"812.54398_674.8",2898
"812.5797_703.2",2899
"813.51407_461.8",2884
"813.53689_646.9",2899
"813.54743_674.8",2900
"813.58334_703.3",2899
"814.54002_646.9",2897
"814.55916_681.4",2895
"814.59211_705.7",2898
"814.59579_722.6",2897
"815.35945_588.1",2897
"815.44761_599",2896
"815.55257_666.9",2899
"816.35471_939.7",98
"816.5164_716.5",2895
"816.5335_677.2",2895
"816.55583_666.9",2899
"816.57528_697.8",2897
"816.61078_723.2",2898
"816.77045_944",75
"817.51863_716.5",2895
"817.55841_666.9",2901
"817.57873_697.8",2898
"817.616_722.6",2901
"817.64259_729.9",2899
"818.29078_492.5",2895
"818.51924_671.1",2896
"818.53084_730.5",2901
"818.54771_694.2",2897
"818.55428_656",2902
"818.59074_714.1",2900
"818.64576_729.9",2899
"818.76733_944.6",41
"819.52074_670.5",2898
"819.53431_730.5",2895
"819.55862_656.6",2899
"819.59442_713.5",2903
"820.2463_529.9",2857
"820.51645_470.2",2899
"820.56401_711.1",2899
"820.56995_673",2891
"820.77314_944.6",104
"821.51958_470.2",2896
"821.56561_709.9",2894
"821.60072_666.3",2894
"821.63003_739",2896
"821.6335_588.1",2883
"822.23481_472.6",2893
"822.52827_659",2900
"822.5625_710.5",2900
"822.63296_739",2894
"823.53173_659",2901
"823.58134_724.5",2902
"823.62981_739",2894
"824.31512_507.6",2893
"824.5445_673",2899
"824.57895_707.5",2898
"824.6311_739",2900
"825.54759_673",2898
"825.58303_708.1",2906
"825.61175_689.9",2900
"826.46953_472.6",2871
"826.56052_688.7",2902
"826.55956_689.3",2898
"826.59044_714.7",2859
"826.63991_735.9",2902
"826.85249_940.3",168
"827.16224_630.5",28
"827.35088_940.3",36
"827.47723_605.7",2898
"827.56358_688.1",2889
"827.62718_705.7",2896
"827.64292_735.9",2897
"828.48466_446.1",2891
"828.576_694.8",2901
"828.65584_749.8",2901
"828.72658_945.2",48
"829.48748_445.5",2903
"829.50958_646.9",2900
"829.53229_634.1",2877
"829.57957_694.8",2898
"829.64321_723.8",2901
"829.65826_749.8",2896
"830.52342_646.9",2900
"830.59197_710.5",2899
"830.64588_723.8",2901
"830.72317_945.2",69
"831.18165_544.4",2896
"831.54641_655.4",2902
"831.59485_710.5",2899
"831.65904_739",2901
"832.18437_543.8",2873
"832.27816_492.5",2900
"832.58752_695.4",2901
"832.60697_724.4",2901
"832.662_739",2901
"832.83102_940.3",46
"833.51794_682",2899
"833.61009_724.5",2900
"833.66535_739.6",2900
"834.29391_522.6",2897
"834.52116_682",2896
"834.52581_719",2897
"834.56478_697.2",2896
"834.6132_724.5",2899
"835.50357_637.8",2891
"835.52425_682",2901
"835.53397_702.7",2900
"835.6166_724.5",2896
"836.27939_459.4",2900
"836.50551_638.4",2896
"836.51054_460.6",2900
"836.57915_704.4",2898
"837.54738_673",2897
"837.58288_703.9",2898
"837.67617_588.1",2895
"838.29489_494.3",2904
"838.55965_682",2901
"838.59582_706.9",2896
"838.68034_588.1",2897
"838.84799_939.1",62
"839.29664_493.1",2901
"839.55238_657.8",2897
"839.59916_706.9",2895
"839.68318_588.1",2884
"840.31076_522.6",2894
"840.55489_657.8",2894
"840.57523_698.4",2901
"840.60209_705.7",2897
"840.61108_724.4",2901
"840.6834_945.8",59
"841.56779_675.4",2900
"841.6159_725",2898
"842.5171_660.2",2896
"842.53101_728",2896
"842.56737_23.3",2901
"842.5706_675.4",2897
"842.59049_705.7",2893
"842.6227_728",2899
"842.68018_946.4",23
"843.52033_660.2",2897
"843.62689_723.3",2904
"843.65848_734.1",2900
"843.67449_757.8",2891
"844.40086_599",2896
"844.51613_466.6",2897
"844.52367_660.2",2900
"844.53193_678.4",2898
"844.56249_712.4",2896
"844.60658_720.8",2902
"844.66182_734.1",2902
"844.94665_491.5",56
"845.48032_638.4",2894
"845.51971_466.6",2898
"845.53513_678.4",2902
"845.55019_732.3",2894
"845.62871_725.6",2889
"845.67429_748.7",2897
"845.94978_491.5",32
"846.52049_467.2",2897
"846.53863_679",2903
"846.55373_696.6",2894
"846.57833_719",2898
"846.63211_726.9",2889
"846.67766_748.7",2896
"847.38782_571.7",2892
"847.47919_637.8",2884
"847.52056_466.6",2898
"847.5797_717.1",2899
"847.64619_740.8",2900
"848.54388_663.9",2901
"848.5787_718.4",2901
"848.64945_741.4",2896
"849.49122_637.8",2898
"849.51875_652.3",2904
"849.54746_663.9",2900
"849.84735_939.7",1395
"850.34838_939.7",115
"850.49409_637.8",2887
"850.55993_683.9",2900
"850.64863_741.4",2893
"851.41789_599",2907
"851.5632_683.9",2901
"852.48484_445.5",2896
"852.57565_694.8",2892
"852.65594_738.4",2893
"853.40357_571.7",2890
"853.48856_445.5",2898
"853.49288_616",2896
"853.57896_694.8",2898
"853.64269_713",2897
"853.65885_738.4",2896
"854.4967_616",2898
"854.59154_711.7",2901
"854.67169_751.2",2901
"855.449_629.9",2833
"855.50859_637.8",2899
"855.59455_711.7",2900
"855.65909_726.8",2900
"855.67392_751.7",2899
"856.51209_637.8",2898
"856.53157_673.6",2896
"856.6067_719",2899
"856.66194_726.8",2901
"856.68766_766.9",2899
"857.43556_599",2897
"857.51767_683.9",2898
"857.59784_368.6",2895
"857.60997_719",2899
"857.67467_740.8",2902
"858.43943_599",2904
"858.52152_683.3",2895
"858.61214_719",2901
"858.6781_740.9",2900
"859.53316_693",2901
"859.62557_730.5",2902
"859.68995_757.8",2902
"860.35675_587.5",2879
"860.537_693.6",2897
"860.54741_490.7",2897
"860.62971_729.9",2900
"860.69374_757.8",2902
"860.84595_939.7",63
"861.46772_629.9",2886
"861.51947_646.9",2896
"861.54905_714.1",2898
"861.58314_701.4",2878
"861.69662_757.8",2898
"861.84734_939.7",36
"862.55281_713.6",2897
"862.59433_705.1",2899
"862.69919_757.8",2891
"863.11878_544.4",2884
"863.35995_571.7",2894
"863.50679_652.9",2890
"863.53493_666.9",2899
"863.5646_731.7",2900
"863.59835_705.7",2897
"864.46086_637.8",2893
"864.56851_731.7",2895
"864.61115_721.4",2900
"865.46459_637.8",2899
"865.5718_731.8",2900
"865.57785_696",2899
"866.51596_661.4",2894
"866.6264_728.1",2904
"866.82397_940.9",569
"867.39131_599",2899
"867.46414_637.8",2890
"867.51916_661.4",2897
"867.59319_703.3",2895
"867.63068_728",2899
"868.35742_25",2883
"868.51613_468.4",2901
"868.53156_671.7",2899
"868.64244_743.8",2883
"869.51978_468.4",2897
"869.53494_671.7",2897
"870.52815_652.9",2902
"870.547_686.3",2896
"870.65853_746.3",2897
"871.42218_629.9",2864
"871.49536_646.3",2897
"871.55026_686.3",2898
"871.61485_719",2901
"872.24967_522",2894
"872.54538_661.4",2903
"872.56254_703.3",2898
"872.61677_719",2899
"872.69146_746.3",2895
"873.15932_643.2",105
"873.39256_588.7",2878
"873.51157_666.9",2902
"873.56598_703.2",2897
"873.8053_940.9",2869
"874.15976_643.2",2820
"874.55993_675.4",2900
"874.56894_702.7",2900
"874.58341_719.6",2897
"875.1592_643.2",2655
"875.50703_646.9",2900
"875.56295_674.8",2901
"875.58447_719.6",2898
"875.6842_731.1",2903
"876.15675_642.6",2523
"876.48905_730.5",2895
"876.51083_646.9",2898
"876.5626_481.1",2897
"876.57579_692.4",2901
"877.21459_668.1",2885
"877.52298_666.9",2899
"877.56581_481.1",2892
"877.57937_692.4",2901
"878.21595_668.1",2884
"878.51273_718.4",2899
"878.58357_641.4",2893
"878.59101_708.7",2897
"878.82671_938.5",2357
"879.21378_667.5",2865
"879.51496_718.4",2884
"879.58674_641.4",2896
"879.59431_708.1",2900
"879.6564_718.4",2893
"879.66487_588.1",62
"880.21381_668.1",2844
"880.53151_675.4",2893
"880.57283_703.2",2889
"880.60611_716.6",2897
"881.52407_646.9",2897
"881.57391_703.3",2891
"881.60959_717.2",2901
"881.674_732.3",2895
"881.68104_571.7",2792
"882.52731_646.9",2898
"882.62113_726.8",2897
"883.53959_666.3",2901
"883.62451_726.8",2894
"883.67931_571.7",62
"883.68971_746.3",2902
"883.83463_940.3",48
"884.3407_939.7",76
"884.54303_666.3",2895
"884.62635_728.1",2896
"884.69144_746.2",2895
"885.5493_714.8",2899
"885.63065_730.5",2896
"886.52128_730.5",2897
"886.5526_714.8",2898
"887.55629_715.4",2901
"887.67109_679.6",2896
"887.72781_598.4",2896
"888.56806_724.4",2889
"888.67422_680.2",2896
"888.73092_599",2799
"889.50625_470.2",2888
"889.57203_724.4",2899
"889.67586_680.2",2890
"889.72486_599",2899
"890.47707_646.9",2895
"890.51499_659",2899
"890.56872_725",2892
"890.72748_599",2904
"891.47969_646.9",2901
"891.5184_659",2899
"891.72987_598.4",58
"892.51638_467.8",2896
"892.53086_673",2900
"892.59691_655.4",2900
"892.64257_732.9",2901
"893.48116_646.9",2896
"893.49676_665.7",2896
"893.53407_673",2899
"893.63299_571.1",2899
"893.64588_733.5",2899
"894.54636_676.6",2894
"894.83954_940.3",79
"894.94328_509.9",64
"895.46421_606.3",2876
"895.49691_666.9",2898
"895.5498_677.2",2880
"895.61242_706.3",2888
"895.66155_746.9",2897
"895.77103_629.9",2889
"895.94555_510",67
"896.49981_666.3",2891
"896.5625_695.4",2900
"896.71453_945.2",120
"897.56588_695.4",2898
"897.6303_723.8",2901
"898.57821_711.1",2899
"898.71107_945.2",1536
"899.16873_544.4",2897
"899.58174_711.1",2897
"899.64615_739",2899
"899.68301_599",2905
"900.59383_725",2900
"900.64944_739",2899
"900.68593_598.4",2888
"901.50666_681.4",2901
"901.54535_654.2",2876
"901.59743_725",2899
"901.68174_598.4",2867
"902.51362_719",2894
"902.60041_724.4",2894
"903.4908_638.4",2887
"903.51612_719",2897
"903.60364_724.5",2900
"904.59933_649.9",2900
"905.60296_649.9",2898
"906.50194_678.4",2892
"906.51269_25.6",2897
"906.58321_706.9",2894
"906.61507_669.3",2901
"906.83507_939.1",67
"907.5393_658.4",2899
"907.58626_706.9",2882
"907.61828_669.3",2900
"908.50753_25.6",2895
"908.54046_659",2903
"908.59888_724.4",2899
"908.62155_669.3",2899
"909.54938_712.4",2894
"909.62243_669.3",2901
"909.67606_571.7",2898
"909.75201_588.1",178
"910.50409_660.2",2899
"910.55264_712.4",2891
"910.66863_945.8",1898
"911.50627_660.2",2895
"911.56452_719",2896
"911.64555_734.1",2900
"912.50941_659.6",2898
"912.51885_679",2895
"912.64926_734.1",2898
"913.46672_638.4",2891
"913.50572_466.6",2899
"913.52199_679",2898
"913.66169_748.7",2902
"914.52534_679",2899
"914.56593_719.6",2903
"914.58681_734.8",2894
"914.66511_748.7",2899
"915.59799_666.3",2899
"915.72297_599",2889
"916.56521_720.2",2899
"916.60142_666.3",2898
"916.72593_598.4",2899
"917.47804_637.8",2899
"917.60368_666.3",2894
"917.6341_740.8",2886
"917.72838_599",2894
"917.83383_939.7",26
"918.54692_680.8",2898
"919.55024_680.8",2896
"920.56245_695.4",2902
"920.67378_750.6",2899
"921.47999_616",2895
"921.56602_695.4",2900
"921.62867_716",2899
"921.6778_751.1",2898
"921.76994_629.3",2857
"922.57788_713",2898
"922.68976_763.3",2898
"923.49571_637.8",2901
"923.56505_965.2",166
"923.58135_712.9",2900
"923.6461_727.4",2900
"923.66583_751.7",2892
"923.69299_763.3",2898
"923.81647_940.3",44
"924.49923_637.8",2896
"924.51731_673.6",2897
"924.59321_719",2901
"924.64896_727.4",2901
"925.42232_599.6",2889
"925.50151_638.4",2903
"925.5968_719",2902
"925.66191_741.4",2898
"926.42598_599",2890
"926.66507_741.4",2900
"927.67739_757.8",2901
"928.83311_939.7",44
"929.50624_646.9",2899
"929.53669_716",2897
"929.6839_757.8",2896
"929.83364_939.7",64
"931.52217_666.9",2900
"931.5511_732.3",2898
"932.55522_732.3",2900
"932.59857_721.4",2899
"933.45176_638.4",2888
"933.67649_572.3",2850
"934.50265_662",2897
"934.53242_702.1",2892
"934.61391_728.7",2896
"934.81098_940.3",134
"935.5057_662",2899
"936.51837_671.7",2902
"937.51153_652.9",2895
"937.6555_734.2",2880
"938.51471_652.9",2900
"938.53437_684.5",2905
"938.64641_745.7",298
"939.48245_646.9",2904
"939.53747_684.5",2901
"939.60219_719.6",2899
"940.45145_223.1",2896
"940.55003_703.2",2902
"940.67975_746.8",2886
"940.79063_940.9",39
"941.45584_223.1",2897
"941.55329_703.3",2897
"943.49383_646.9",2898
"944.49768_646.9",2897
"944.67562_598.4",2895
"944.94017_529.3",60
"945.50926_666.3",2901
"945.68157_599",2898
"946.51228_666.3",2883
"946.57067_641.4",2898
"946.57772_708.1",2898
"946.81432_939.7",130
"947.58008_708.1",2893
"947.60988_483.5",2900
"948.55525_702.7",2890
"948.59348_718.4",2899
"949.51128_646.9",2901
"949.59693_718.4",2900
"950.51479_646.9",2898
"950.60817_726.9",2897
"951.23312_689.3",2873
"951.5271_666.3",2900
"951.61093_727.5",2900
"951.68132_742.6",2887
"952.23331_689.3",2883
"952.50581_703.2",2873
"952.53003_666.3",2900
"952.62447_572.9",2897
"953.23245_688.7",2877
"953.53634_716",2901
"953.56348_472.6",2897
"953.61652_730.5",2891
"953.62752_572.3",2901
"954.23214_688.7",2837
"954.50642_730.5",2898
"954.54018_716",2899
"954.74303_944",95
"955.23056_688.7",2870
"957.71072_598.4",2643
"958.46458_646.9",2901
"958.553_724.5",2895
"959.46751_646.9",2899
"960.51877_673",2900
"960.62948_732.9",2888
"961.52191_673",2891
"961.60356_666.3",2894
"961.63325_733.5",2899
"962.53329_677.2",2903
"962.56104_724.5",2893
"962.64531_746.9",2899
"962.82734_939.7",52
"963.53706_677.2",2897
"963.64862_746.9",2887
"964.54949_695.4",2897
"965.61742_723.9",2896
"965.70531_598.4",2898
"967.63353_739",2898
"968.58103_725",2902
"968.63667_739",2901
"969.58491_725",2902
"969.64018_739.5",2894
"971.60988_473.2",2897
"971.65254_741.5",2898
"972.58602_650.5",2902
"972.61366_472.6",2903
"973.62506_487.7",2893
"974.60229_669.9",2903
"974.6285_487.1",2888
"974.82228_939.1",34
"975.60552_669.9",2903
"976.28741_25.6",2889
"976.5056_695.4",2722
"976.52927_656.6",2850
"977.54168_675.4",2893
"977.56055_473.3",2894
"978.49067_660.2",2896
"978.56649_473.8",2899
"979.49483_660.2",2898
"979.63255_734.1",2898
"980.50888_679.6",2898
"980.63581_734.1",2899
"982.65246_748.7",2899
"985.46601_637.8",2894
"985.82083_939.7",2781
"986.53404_680.2",2898
"987.53684_680.2",2900
"988.44816_660.2",65
"988.5492_696",2898
"988.66058_751.1",2901
"989.46591_615.4",2881
"990.5659_714.7",2901
"991.48284_637.8",2896
"991.569_714.2",2897
"991.6328_727.5",2899
"991.80455_939.1",26
"992.48637_637.8",2899
"992.58035_719",2897
"992.63567_727.5",2897
"993.58364_719.6",2899
"993.64886_741.4",2899
"994.65233_741.4",2897
"994.93669_552.3",65
"995.60983_473.8",2894
"996.61306_473.2",2895
"996.82008_939.7",54
"997.49474_647.5",2897
"997.6712_757.8",2899
"998.62797_485.3",2905
"999.6406_496.1",2901
"1001.43902_637.8",2897
"1001.56212_473.8",2893
"1002.49017_661.4",2897
"1003.97518_249.2",2895
"1004.47556_248.6",2899
"1004.53712_719",2900
"1005.49841_652.9",2898
"1005.5395_719",2882
"1005.60817_742",2891
"1006.50163_652.9",2898
"1007.46787_646.3",2899
"1008.77828_942.1",128
"1009.54754_703.9",2898
"1011.48135_646.9",2896
"1012.66105_599",2847
"1013.7738_679.6",2840
"1015.63918_588.1",2890
"1017.49853_646.9",2899
"1018.5014_646.9",2901
"1019.51394_665.7",2904
"1019.60962_471.4",2897
"1019.68056_599",2860
"1021.5234_716",2900
"1022.49364_730.5",2900
"1022.52742_716.6",2893
"1022.60646_731.1",2894
"1023.64129_490.1",2900
"1025.25138_707.5",2827
"1025.63305_479.2",2900
"1025.69743_599",2852
"1026.25297_706.9",2841
"1026.45093_646.9",2904
"1026.63634_479.2",2900
"1027.25024_706.9",2851
"1027.45494_646.9",2894
"1027.63386_479.2",2898
"1028.61676_733.6",2890
"1028.63578_479.2",2896
"1030.52026_677.2",2896
"1030.81352_940",108
"1031.52633_678.4",2896
"1031.63164_449.7",2892
"1033.54595_696",2900
"1035.62022_739",2900
"1035.66318_479.2",2897
"1036.56856_725",2897
"1036.62342_739",2897
"1036.66631_479.2",2899
"1037.62429_738.9",2902
"1037.66878_479.2",2899
"1038.67144_479.2",2897
"1039.59723_472.6",2894
"1039.67384_479.2",2900
"1040.46156_660.8",2867
"1042.80917_939.1",53
"1045.64625_458.2",2896
"1045.68262_497.9",2889
"1046.47719_659.6",2895
"1046.64979_457.6",2881
"1047.61894_734.2",2900
"1047.69703_496.7",2896
"1048.49434_679",2902
"1048.62263_733.6",2891
"1048.70116_496.7",2896
"1048.91355_588.1",2871
"1049.43959_637.8",2864
"1049.4991_679.6",2902
"1049.63604_749.2",2898
"1049.91865_587.5",2902
"1050.05753_87.7",2899
"1050.64013_749.2",2896
"1051.69653_598.4",2876
"1052.6527_479.9",2876
"1053.45298_638.4",2884
"1054.52068_680.2",2900
"1055.63103_447.9",2889
"1057.64629_458.2",2898
"1058.02595_237.7",2900
"1058.55322_715.3",2882
"1058.65047_458.2",2887
"1059.0293_237.7",2898
"1059.47_637.8",2897
"1059.56128_714.2",2895
"1059.61939_728.1",2900
"1059.66219_470.2",2898
"1059.66704_762.6",2854
"1060.47362_637.8",2893
"1060.56748_719.6",2900
"1060.62297_728",2899
"1060.66535_470.2",2898
"1061.57329_719.6",2898
"1061.67715_482.3",2896
"1062.63929_742",2899
"1062.6806_482.9",2897
"1063.59701_473.2",2898
"1063.65197_758.3",2891
"1063.68349_482.9",2898
"1064.65589_758.3",2899
"1064.68614_482.9",2896
"1064.80701_939.7",68
"1065.80689_939.7",50
"1065.92509_952.7",47
"1066.6531_639",2898
"1066.92759_952.4",27
"1068.66711_658.4",2900
"1069.42604_638.4",2895
"1069.67076_657.8",2901
"1070.47771_660.8",2894
"1070.67367_658.4",2894
"1072.49152_672.3",2893
"1072.52421_719.6",2894
"1073.48617_652.9",2901
"1073.59485_742",2898
"1073.63331_466",2896
"1074.01928_88.3",2894
"1074.48629_652.9",2901
"1074.63649_465.4",2895
"1075.45563_646.3",2904
"1075.63424_465.4",2897
"1075.69329_493.7",2895
"1076.69681_493.7",2903
"1076.86374_587.5",2902
"1077.6675_490.7",2898
"1078.66848_491.3",2899
"1079.46735_646.9",2897
"1079.63151_446.1",2901
"1081.69522_521.4",2896
"1082.6986_522",2898
"1083.66245_466",2896
"1083.6958_522",2897
"1084.66566_466",2896
"1085.48514_646.9",2900
"1085.66862_466",2882
"1086.48784_647.5",2899
"1086.68067_482.3",2896
"1087.69353_491.3",2899
"1088.69681_491.3",2901
"1089.51086_716.6",2899
"1089.69961_491.3",2900
"1090.61982_465.4",2880
"1090.70205_491.3",2894
"1091.72489_522",2899
"1092.72816_522",2898
"1093.73095_522",2899
"1094.73404_522",2898
"1095.44119_646.9",2876
"1095.73646_521.4",2895
"1096.49195_673",2875
"1098.63735_467.2",2893
